sku_id,category_id,period,qty_total
598294111,672241,2024-11-25,0.8134522676674486
598294111,672241,2024-12-02,0.8136453462990867
598294111,672241,2024-12-09,0.8137187121469909
598294111,672241,2024-12-16,0.31369827371290127
598294111,672241,2024-12-23,0.8137074303166363
598294111,672241,2024-12-30,1.3137322386532198
598294111,672241,2025-01-06,0.8137189163198829
598294111,672241,2025-01-13,2.31368695383604
598294111,672241,2025-01-20,3.3137188165443963
598294111,672241,2025-01-27,2.3137100043117025
598294111,672241,2025-02-03,1.8136837340945444
598294111,672241,2025-02-10,0.8137367342579725
598294111,672241,2025-02-17,0.8138103142434124
598294111,672241,2025-02-24,0.8138578057866176
598294111,672241,2025-03-03,0.8139301153009327
598302302,672241,2024-11-25,0.05746450917700002
598302302,672241,2024-12-02,0.05745585479883607
598302302,672241,2024-12-09,0.05744828669467165
598302302,672241,2024-12-16,0.05744271952011114
598302302,672241,2024-12-23,0.5575444583388883
598302302,672241,2024-12-30,0.05747854095675148
598302302,672241,2025-01-06,1.0575200835414358
598302302,672241,2025-01-13,0.05756518464983402
598302302,672241,2025-01-20,0.05761295205400483
598302302,672241,2025-01-27,0.05766454772249572
598302302,672241,2025-02-03,0.05771990656222931
598302302,672241,2025-02-10,1.0575688573471669
598302302,672241,2025-02-17,0.05776207489409335
598302302,672241,2025-02-24,0.05774911209860219
598302302,672241,2025-03-03,0.05774045068767417
599653937,672241,2024-11-25,10.457057627524927
599653937,672241,2024-12-02,1.5356786721365854
599653937,672241,2024-12-09,1.613619187973114
599653937,672241,2024-12-16,1.19041258130346
599653937,672241,2024-12-23,1.2662112304346191
599653937,672241,2024-12-30,1.340947323391497
599653937,672241,2025-01-06,2.4145796422851107
599653937,672241,2025-01-13,2.4873138813140954
599653937,672241,2025-01-20,2.0589630855562664
599653937,672241,2025-01-27,6.629808251515856
599653937,672241,2025-02-03,1.69906728815925
599653937,672241,2025-02-10,3.267550491586187
599653937,672241,2025-02-17,2.3351134754748433
599653937,672241,2025-02-24,2.9015557661067026
599653937,672241,2025-03-03,2.9670772234042855
599703217,672241,2024-11-25,4.365898468994488
599703217,672241,2024-12-02,6.365813097534922
599703217,672241,2024-12-09,3.865815672243941
599703217,672241,2024-12-16,2.865724147179304
599703217,672241,2024-12-23,1.865697257346579
599703217,672241,2024-12-30,5.365687968716218
599703217,672241,2025-01-06,2.3655926402727143
599703217,672241,2025-01-13,5.365595964175587
599703217,672241,2025-01-20,2.3654719109529836
599703217,672241,2025-01-27,2.365397803843664
599703217,672241,2025-02-03,1.865352164001405
599703217,672241,2025-02-10,1.3653179487474802
599703217,672241,2025-02-17,2.8652685024570643
599703217,672241,2025-02-24,0.8652705389121316
599703217,672241,2025-03-03,4.365254948931769
746436995,672241,2024-11-25,0.35829656800191534
746436995,672241,2024-12-02,-0.11962269451512225
746436995,672241,2024-12-09,-0.09784754129922307
746436995,672241,2024-12-16,-0.07635493924941256
746436995,672241,2024-12-23,-0.05514254714884309
746436995,672241,2024-12-30,1.465729695475909
746436995,672241,2025-01-06,0.9864000934706297
746436995,672241,2025-01-13,0.0068110098091062055
746436995,672241,2025-01-20,0.5268871895166265
746436995,672241,2025-01-27,0.046731039450833456
746436995,672241,2025-02-03,0.06628497470590111
746436995,672241,2025-02-10,0.08557047412491925
746436995,672241,2025-02-17,0.6045674822533289
746436995,672241,2025-02-24,0.6233162398292433
746436995,672241,2025-03-03,0.1418166800711389
2709580011,672241,2024-11-25,1.2692287001100822
2709580011,672241,2024-12-02,1.2692288299391143
2709580011,672241,2024-12-09,1.2692285555860972
2709580011,672241,2024-12-16,1.2692288582289684
2709580011,672241,2024-12-23,1.269228869045873
2709580011,672241,2024-12-30,1.2692288716527877
2709580011,672241,2025-01-06,1.2692288621873355
2709580011,672241,2025-01-13,1.2692286044222718
2709580011,672241,2025-01-20,1.2692287922708065
2709580011,672241,2025-01-27,1.2692287013134247
2709580011,672241,2025-02-03,1.7692289357335094
2709580011,672241,2025-02-10,1.269228727832281
2709580011,672241,2025-02-17,1.7692286209515655
2709580011,672241,2025-02-24,1.7692286036737888
2709580011,672241,2025-03-03,2.7692288262861617
2709580215,672241,2024-11-25,2.067224529747077
2709580215,672241,2024-12-02,1.0672299112490342
2709580215,672241,2024-12-09,1.5672445007290254
2709580215,672241,2024-12-16,1.5672523152238584
2709580215,672241,2024-12-23,1.0672669475208894
2709580215,672241,2024-12-30,1.567276026632774
2709580215,672241,2025-01-06,1.067288559013068
2709580215,672241,2025-01-13,1.0672977975201938
2709580215,672241,2025-01-20,1.0673060639518592
2709580215,672241,2025-01-27,1.0673139005468206
2709580215,672241,2025-02-03,1.0673201884630517
2709580215,672241,2025-02-10,1.0673271522725556
2709580215,672241,2025-02-17,1.0673330128817458
2709580215,672241,2025-02-24,1.0673381030278126
2709580215,672241,2025-03-03,1.5673395396779082
2787887686,672241,2024-11-25,1.6733229266071505
2787887686,672241,2024-12-02,4.67318781517366
2787887686,672241,2024-12-09,-3.3268089810627526
2787887686,672241,2024-12-16,-2.8270250599862603
2787887686,672241,2024-12-23,-3.326962385431189
2787887686,672241,2024-12-30,-3.327056944039602
2787887686,672241,2025-01-06,-3.3271314988950693
2787887686,672241,2025-01-13,-3.3271219523462032
2787887686,672241,2025-01-20,-3.3270181412591704
2787887686,672241,2025-01-27,-3.3268453699448157
2787887686,672241,2025-02-03,-3.3267065400744027
2787887686,672241,2025-02-10,-2.8265865642392605
2787887686,672241,2025-02-17,-3.326635887829239
2787887686,672241,2025-02-24,-0.8267674003552888
2787887686,672241,2025-03-03,-2.826868201961574
3022776581,672241,2024-11-25,1.6188625331832576
3022776581,672241,2024-12-02,0.6188942312713369
3022776581,672241,2024-12-09,0.6189305103396452
3022776581,672241,2024-12-16,0.6191296336593755
3022776581,672241,2024-12-23,0.6190470791211989
3022776581,672241,2024-12-30,0.618954430978967
3022776581,672241,2025-01-06,0.6190804233124753
3022776581,672241,2025-01-13,0.6191741384643249
3022776581,672241,2025-01-20,1.1191912242196276
3022776581,672241,2025-01-27,0.6192760120658637
3022776581,672241,2025-02-03,0.6194166166590509
3022776581,672241,2025-02-10,1.619475161043449
3022776581,672241,2025-02-17,0.6194295925249784
3022776581,672241,2025-02-24,0.6193577452066252
3022776581,672241,2025-03-03,1.619313164294606
3022776731,672241,2024-11-25,0.38634976648711716
3022776731,672241,2024-12-02,-0.11378816920881285
3022776731,672241,2024-12-09,-0.11389484106766576
3022776731,672241,2024-12-16,-0.1139884937282857
3022776731,672241,2024-12-23,-0.11407053467180595
3022776731,672241,2024-12-30,0.3858786437304492
3022776731,672241,2025-01-06,0.3857746725035105
3022776731,672241,2025-01-13,-0.11426291705342403
3022776731,672241,2025-01-20,-0.11430994555963625
3022776731,672241,2025-01-27,0.38567049092649797
3022776731,672241,2025-02-03,0.3855945281417635
3022776731,672241,2025-02-10,-0.1144179829315812
3022776731,672241,2025-02-17,0.3855367041588885
3022776731,672241,2025-02-24,0.385559361424099
3022776731,672241,2025-03-03,0.3855495652837341
3238598023,672241,2024-11-25,-0.1497614378701837
3238598023,672241,2024-12-02,-0.17445939935949872
3238598023,672241,2024-12-09,-0.19886217189090746
3238598023,672241,2024-12-16,-0.2229706682024593
3238598023,672241,2024-12-23,0.2532081407141784
3238598023,672241,2024-12-30,0.7296760805607089
3238598023,672241,2025-01-06,-0.2935502720260857
3238598023,672241,2025-01-13,0.18349581258995828
3238598023,672241,2025-01-20,-0.33915491493257244
3238598023,672241,2025-01-27,-0.3615195641027453
3238598023,672241,2025-02-03,-0.3835911678267707
3238598023,672241,2025-02-10,-0.4053695309187918
3238598023,672241,2025-02-17,-0.42685418761475685
3238598023,672241,2025-02-24,0.051948126339345896
3238598023,672241,2025-03-03,0.5310402602044322
3252722291,672241,2024-11-25,-0.22872010336919404
3252722291,672241,2024-12-02,0.27127857922595083
3252722291,672241,2024-12-09,-0.22867964524382625
3252722291,672241,2024-12-16,-0.22860979324682498
3252722291,672241,2024-12-23,-0.22853652661828447
3252722291,672241,2024-12-30,-0.22847093093501158
3252722291,672241,2025-01-06,-0.22842248039166782
3252722291,672241,2025-01-13,-0.22839532320883763
3252722291,672241,2025-01-20,0.2715999797571592
3252722291,672241,2025-01-27,-0.2284124112607735
3252722291,672241,2025-02-03,-0.22844266942167643
3252722291,672241,2025-02-10,-0.22847042942901422
3252722291,672241,2025-02-17,-0.22848977251494365
3252722291,672241,2025-02-24,0.27149080030247774
3252722291,672241,2025-03-03,-0.22850946518883872
3576081009,672241,2024-11-25,-0.04878441058973221
3576081009,672241,2024-12-02,-0.04895999852734641
3576081009,672241,2024-12-09,0.4506627882777722
3576081009,672241,2024-12-16,-0.049257531941599
3576081009,672241,2024-12-23,-0.04938229928836549
3576081009,672241,2024-12-30,-0.04950386653340161
3576081009,672241,2025-01-06,0.45058187369025654
3576081009,672241,2025-01-13,-0.04978199895542648
3576081009,672241,2025-01-20,-0.0499314128424793
3576081009,672241,2025-01-27,0.9495014521863867
3576081009,672241,2025-02-03,-0.05016372600446305
3576081009,672241,2025-02-10,-0.050247994771651566
3576081009,672241,2025-02-17,0.4498749289355934
3576081009,672241,2025-02-24,-0.050455442659503386
3576081009,672241,2025-03-03,-0.050579828459987236
3577564803,672241,2024-11-25,5.764587198442142
3577564803,672241,2024-12-02,5.860180519799734
3577564803,672241,2024-12-09,5.454522639458347
3577564803,672241,2024-12-16,5.547600055853083
3577564803,672241,2024-12-23,5.639412937990707
3577564803,672241,2024-12-30,5.729965454809668
3577564803,672241,2025-01-06,7.319273703475109
3577564803,672241,2025-01-13,7.407343784541658
3577564803,672241,2025-01-20,6.994170600904439
3577564803,672241,2025-01-27,7.57975855295603
3577564803,672241,2025-02-03,6.6641206299050655
3577564803,672241,2025-02-10,7.247264234367158
3577564803,672241,2025-02-17,8.329200625771287
3577564803,672241,2025-02-24,7.409919356672957
3577564803,672241,2025-03-03,6.989412833612581
3691275758,672241,2024-11-25,-0.02997641736556564
3691275758,672241,2024-12-02,-0.03823282111906967
3691275758,672241,2024-12-09,-0.046394256253000504
3691275758,672241,2024-12-16,-0.05446023926078389
3691275758,672241,2024-12-23,0.4375644013464983
3691275758,672241,2024-12-30,-0.07029866153468778
3691275758,672241,2025-01-06,-0.07807050771268942
3691275758,672241,2025-01-13,-0.08574626796451601
3691275758,672241,2025-01-20,0.4066685783915686
3691275758,672241,2025-01-27,-0.10080411636751077
3691275758,672241,2025-02-03,-0.1081856611154001
3691275758,672241,2025-02-10,-0.11547085948274378
3691275758,672241,2025-02-17,-0.12265918657838874
3691275758,672241,2025-02-24,-0.1297504179613912
3691275758,672241,2025-03-03,0.3632605647772666
3692477582,672241,2024-11-25,-0.028829475705129063
3692477582,672241,2024-12-02,-0.028835324124698976
3692477582,672241,2024-12-09,-0.028836665520439987
3692477582,672241,2024-12-16,-0.028836031061254357
3692477582,672241,2024-12-23,-0.02883553970416676
3692477582,672241,2024-12-30,-0.028834854887625567
3692477582,672241,2025-01-06,-0.02883450942173264
3692477582,672241,2025-01-13,-0.028834776864203798
3692477582,672241,2025-01-20,-0.028835826207719188
3692477582,672241,2025-01-27,-0.028837717464317833
3692477582,672241,2025-02-03,-0.02884043519561235
3692477582,672241,2025-02-10,-0.028843908181984988
3692477582,672241,2025-02-17,-0.028848050606683148
3692477582,672241,2025-02-24,-0.0288527636408806
3692477582,672241,2025-03-03,-0.02885794752988062
3693412504,672241,2024-11-25,0.0
3693412504,672241,2024-12-02,0.0
3693412504,672241,2024-12-09,0.0
3693412504,672241,2024-12-16,0.0
3693412504,672241,2024-12-23,0.0
3693412504,672241,2024-12-30,0.0
3693412504,672241,2025-01-06,0.0
3693412504,672241,2025-01-13,0.0
3693412504,672241,2025-01-20,0.0
3693412504,672241,2025-01-27,0.0
3693412504,672241,2025-02-03,0.0
3693412504,672241,2025-02-10,0.0
3693412504,672241,2025-02-17,0.0
3693412504,672241,2025-02-24,0.0
3693412504,672241,2025-03-03,0.0
3867746102,672241,2024-11-25,0.11570804367250195
3867746102,672241,2024-12-02,0.11563804373589845
3867746102,672241,2024-12-09,0.11557502325227753
3867746102,672241,2024-12-16,0.1155175481620247
3867746102,672241,2024-12-23,0.11546436166021923
3867746102,672241,2024-12-30,0.11541620910281628
3867746102,672241,2025-01-06,0.11537404841075198
3867746102,672241,2025-01-13,0.1153367337618558
3867746102,672241,2025-01-20,0.11530384027439845
3867746102,672241,2025-01-27,0.11527547082454474
3867746102,672241,2025-02-03,0.11525022924971011
3867746102,672241,2025-02-10,0.11523046601374119
3867746102,672241,2025-02-17,0.11521460736071386
3867746102,672241,2025-02-24,0.11520155402238136
3867746102,672241,2025-03-03,0.11519212434057974
3880204628,672241,2024-11-25,1.202683924503941
3880204628,672241,2024-12-02,0.20252979467926197
3880204628,672241,2024-12-09,0.20242912241473698
3880204628,672241,2024-12-16,0.20233448809698631
3880204628,672241,2024-12-23,0.20224758107712673
3880204628,672241,2024-12-30,0.20216967566086397
3880204628,672241,2025-01-06,0.20210167836592607
3880204628,672241,2025-01-13,1.2020001453016713
3880204628,672241,2025-01-20,0.2019014208889794
3880204628,672241,2025-01-27,0.20186355496522293
3880204628,672241,2025-02-03,0.20183688861599522
3880204628,672241,2025-02-10,0.20182087281012034
3880204628,672241,2025-02-17,0.20181518390529365
3880204628,672241,2025-02-24,0.20181903592234268
3880204628,672241,2025-03-03,0.201831627147326
3926767355,672241,2024-11-25,-0.030343528926792873
3926767355,672241,2024-12-02,-0.03016018646282076
3926767355,672241,2024-12-09,-0.029978006768707405
3926767355,672241,2024-12-16,-0.029797328231048165
3926767355,672241,2024-12-23,-0.029618074030062197
3926767355,672241,2024-12-30,-0.029440468664902464
3926767355,672241,2025-01-06,0.4708414689933532
3926767355,672241,2025-01-13,-0.02904885821517464
3926767355,672241,2025-01-20,-0.02895607897528482
3926767355,672241,2025-01-27,0.47124056518187696
3926767355,672241,2025-02-03,-0.028735688619603683
3926767355,672241,2025-02-10,-0.028729421727517357
3926767355,672241,2025-02-17,-0.028726031271583047
3926767355,672241,2025-02-24,-0.02872373983627563
3926767355,672241,2025-03-03,-0.028719090465130326
4079053893,672241,2024-11-25,0.7131013185930992
4079053893,672241,2024-12-02,0.7131512465895091
4079053893,672241,2024-12-09,1.2131650500033582
4079053893,672241,2024-12-16,0.7130446979347927
4079053893,672241,2024-12-23,1.7130007617517449
4079053893,672241,2024-12-30,2.7130301103696937
4079053893,672241,2025-01-06,1.2130112280682526
4079053893,672241,2025-01-13,0.7131100344358229
4079053893,672241,2025-01-20,0.7131847753803348
4079053893,672241,2025-01-27,0.7131865000378341
4079053893,672241,2025-02-03,1.7132506780870003
4079053893,672241,2025-02-10,0.7131842009836926
4079053893,672241,2025-02-17,0.7131657329794079
4079053893,672241,2025-02-24,1.7131812511843647
4079053893,672241,2025-03-03,2.2132248802711922
4166277217,672241,2024-11-25,3.568881930233715
4166277217,672241,2024-12-02,3.568801275064974
4166277217,672241,2024-12-09,3.568742254782737
4166277217,672241,2024-12-16,3.568687072789069
4166277217,672241,2024-12-23,3.5686332468459314
4166277217,672241,2024-12-30,3.56858991073967
4166277217,672241,2025-01-06,3.568562807130147
4166277217,672241,2025-01-13,3.568546181086475
4166277217,672241,2025-01-20,3.5685404009108432
4166277217,672241,2025-01-27,3.5685527022395584
4166277217,672241,2025-02-03,4.068557722024925
4166277217,672241,2025-02-10,4.0685558945481235
4166277217,672241,2025-02-17,4.068525911356502
4166277217,672241,2025-02-24,3.568514859470999
4166277217,672241,2025-03-03,4.568482628093427
4203509252,672241,2024-11-25,0.9922085098381515
4203509252,672241,2024-12-02,1.0037817674735912
4203509252,672241,2024-12-09,1.0150686762472467
4203509252,672241,2024-12-16,1.0260716622050319
4203509252,672241,2024-12-23,1.036792125788428
4203509252,672241,2024-12-30,1.0472324109205295
4203509252,672241,2025-01-06,1.0573939420952247
4203509252,672241,2025-01-13,1.0672778947911188
4203509252,672241,2025-01-20,1.0768849150467326
4203509252,672241,2025-01-27,1.0862171031767816
4203509252,672241,2025-02-03,1.0952736469616662
4203509252,672241,2025-02-10,1.1040555843344453
4203509252,672241,2025-02-17,1.1125627481368132
4203509252,672241,2025-02-24,1.1207953128337473
4203509252,672241,2025-03-03,1.1287534660139318
4233243369,672241,2024-11-25,0.6325553812587855
4233243369,672241,2024-12-02,0.6326791753426223
4233243369,672241,2024-12-09,0.6327432369081074
4233243369,672241,2024-12-16,0.6327264410032862
4233243369,672241,2024-12-23,0.6327163445483954
4233243369,672241,2024-12-30,0.6327147662073018
4233243369,672241,2025-01-06,0.6326843369740056
4233243369,672241,2025-01-13,0.6326028630240811
4233243369,672241,2025-01-20,0.632466303268804
4233243369,672241,2025-01-27,0.6323010573602472
4233243369,672241,2025-02-03,0.6321404032984459
4233243369,672241,2025-02-10,0.6320115286608741
4233243369,672241,2025-02-17,0.6319293557655162
4233243369,672241,2025-02-24,0.6318808455306533
4233243369,672241,2025-03-03,0.6318204899256958
4244979510,672241,2024-11-25,-0.0004023530546257703
4244979510,672241,2024-12-02,-0.0005002452618462216
4244979510,672241,2024-12-09,-0.0006089881364911287
4244979510,672241,2024-12-16,-0.0007312929050820038
4244979510,672241,2024-12-23,-0.0008410188132912388
4244979510,672241,2024-12-30,-0.0009296064478644395
4244979510,672241,2025-01-06,-0.000982237978804812
4244979510,672241,2025-01-13,-0.0010301963286794003
4244979510,672241,2025-01-20,-0.0011111867322959323
4244979510,672241,2025-01-27,-0.0012438257072063807
4244979510,672241,2025-02-03,-0.0013792620998115401
4244979510,672241,2025-02-10,-0.0014155699691471568
4244979510,672241,2025-02-17,-0.001399335093484111
4244979510,672241,2025-02-24,-0.0013697901209180907
4244979510,672241,2025-03-03,-0.0013382894186957373
4293110694,672241,2024-11-25,0.0
4293110694,672241,2024-12-02,0.0
4293110694,672241,2024-12-09,0.0
4293110694,672241,2024-12-16,0.0
4293110694,672241,2024-12-23,0.0
4293110694,672241,2024-12-30,0.0
4293110694,672241,2025-01-06,0.0
4293110694,672241,2025-01-13,0.0
4293110694,672241,2025-01-20,0.0
4293110694,672241,2025-01-27,0.0
4293110694,672241,2025-02-03,0.0
4293110694,672241,2025-02-10,0.0
4293110694,672241,2025-02-17,0.0
4293110694,672241,2025-02-24,0.0
4293110694,672241,2025-03-03,0.0
4299736790,672241,2024-11-25,0.08655253514091948
4299736790,672241,2024-12-02,0.08654367198164248
4299736790,672241,2024-12-09,0.08653649161152369
4299736790,672241,2024-12-16,0.08653077857351463
4299736790,672241,2024-12-23,0.08652636406107916
4299736790,672241,2024-12-30,0.08652308097360316
4299736790,672241,2025-01-06,0.08652080539917803
4299736790,672241,2025-01-13,0.08651941765665347
4299736790,672241,2025-01-20,0.08651882947332773
4299736790,672241,2025-01-27,0.08651892379800308
4299736790,672241,2025-02-03,0.08651962063148733
4299736790,672241,2025-02-10,0.08652079308288092
4299736790,672241,2025-02-17,0.08652234003807775
4299736790,672241,2025-02-24,0.08652415112655142
4299736790,672241,2025-03-03,0.08652613262632196
4299740219,672241,2024-11-25,2.4598892276217863
4299740219,672241,2024-12-02,2.4599044163070536
4299740219,672241,2024-12-09,2.4597008254515664
4299740219,672241,2024-12-16,2.459550888452126
4299740219,672241,2024-12-23,2.4594242640813593
4299740219,672241,2024-12-30,2.4593137037328034
4299740219,672241,2025-01-06,2.459230984376904
4299740219,672241,2025-01-13,2.459177339538964
4299740219,672241,2025-01-20,2.459146943651351
4299740219,672241,2025-01-27,2.459130272077383
4299740219,672241,2025-02-03,2.4591225074366476
4299740219,672241,2025-02-10,2.4591224078583664
4299740219,672241,2025-02-17,2.45913784219285
4299740219,672241,2025-02-24,2.4591809865310275
4299740219,672241,2025-03-03,2.459253904716474
4391268112,672241,2024-11-25,0.3094419142526215
4391268112,672241,2024-12-02,0.30944631346377394
4391268112,672241,2024-12-09,0.30944637180167384
4391268112,672241,2024-12-16,0.3094453294589979
4391268112,672241,2024-12-23,0.3094453038693835
4391268112,672241,2024-12-30,0.30944692749530817
4391268112,672241,2025-01-06,0.3094501246284372
4391268112,672241,2025-01-13,0.30945423853610343
4391268112,672241,2025-01-20,0.30945858772032653
4391268112,672241,2025-01-27,0.309462342684674
4391268112,672241,2025-02-03,0.3094635592168062
4391268112,672241,2025-02-10,0.3094634159604027
4391268112,672241,2025-02-17,0.3094619865069045
4391268112,672241,2025-02-24,0.30945959453290195
4391268112,672241,2025-03-03,0.30945837729460696
4396560443,672241,2024-11-25,0.9387666342424322
4396560443,672241,2024-12-02,0.9663408197379857
4396560443,672241,2024-12-09,0.9935794667016562
4396560443,672241,2024-12-16,1.0204798042446517
4396560443,672241,2024-12-23,1.0470377560001456
4396560443,672241,2024-12-30,1.0732511548795398
4396560443,672241,2025-01-06,1.09911820401581
4396560443,672241,2025-01-13,1.124636831420559
4396560443,672241,2025-01-20,1.1498056817827964
4396560443,672241,2025-01-27,1.1746248705384936
4396560443,672241,2025-02-03,1.1990933911018464
4396560443,672241,2025-02-10,1.2232109923101673
4396560443,672241,2025-02-17,1.2469782827287614
4396560443,672241,2025-02-24,1.270394948179747
4396560443,672241,2025-03-03,1.2934613278074043
4475480724,672241,2024-11-25,9.280248436778916
4475480724,672241,2024-12-02,10.501940874103322
4475480724,672241,2024-12-09,11.71221036500935
4475480724,672241,2024-12-16,12.911061922722082
4475480724,672241,2024-12-23,14.098507799794383
4475480724,672241,2024-12-30,15.274552833312592
4475480724,672241,2025-01-06,16.43919843050293
4475480724,672241,2025-01-13,17.5924414393761
4475480724,672241,2025-01-20,18.734280732701134
4475480724,672241,2025-01-27,19.864721431137266
4475480724,672241,2025-02-03,20.983765819444333
4475480724,672241,2025-02-10,22.091417470579888
4475480724,672241,2025-02-17,23.187671896408265
4475480724,672241,2025-02-24,24.272529017041375
4475480724,672241,2025-03-03,25.345992357165805
4475481627,672241,2024-11-25,0.16154840647996813
4475481627,672241,2024-12-02,0.16940325809488502
4475481627,672241,2024-12-09,0.17719495174226882
4475481627,672241,2024-12-16,0.18492346096637033
4475481627,672241,2024-12-23,0.19258870998865027
4475481627,672241,2024-12-30,0.20019061320925557
4475481627,672241,2025-01-06,0.2077290856756511
4475481627,672241,2025-01-13,0.21520400800013043
4475481627,672241,2025-01-20,0.22261529834541138
4475481627,672241,2025-01-27,0.22996287426333328
4475481627,672241,2025-02-03,0.23724667232956848
4475481627,672241,2025-02-10,0.24446663874534744
4475481627,672241,2025-02-17,0.25162273434867516
4475481627,672241,2025-02-24,0.25871494795286043
4475481627,672241,2025-03-03,0.26574327691164346
4475482043,672241,2024-11-25,0.04283218675443839
4475482043,672241,2024-12-02,0.04509736933546748
4475482043,672241,2024-12-09,0.047344472673259905
4475482043,672241,2024-12-16,0.049572314499297845
4475482043,672241,2024-12-23,0.051779852438612786
4475482043,672241,2024-12-30,0.05396621392805718
4475482043,672241,2025-01-06,0.056130645013667116
4475482043,672241,2025-01-13,0.05827251727516485
4475482043,672241,2025-01-20,0.06039129560437162
4475482043,672241,2025-01-27,0.06248654591531193
4475482043,672241,2025-02-03,0.06455790793430675
4475482043,672241,2025-02-10,0.0666050971522958
4475482043,672241,2025-02-17,0.06862789716909114
4475482043,672241,2025-02-24,0.07062613734945783
4475482043,672241,2025-03-03,0.07259971615491423
4486038235,672241,2024-11-25,0.8995676379453356
4486038235,672241,2024-12-02,0.9625986787847506
4486038235,672241,2024-12-09,1.0250414159065153
4486038235,672241,2024-12-16,1.0868952362499338
4486038235,672241,2024-12-23,1.148159840044071
4486038235,672241,2024-12-30,1.2088351139233027
4486038235,672241,2025-01-06,1.2689210461542648
4486038235,672241,2025-01-13,1.3284176472138984
4486038235,672241,2025-01-20,1.3873249440437916
4486038235,672241,2025-01-27,1.4456429388724417
4486038235,672241,2025-02-03,1.5033716452405281
4486038235,672241,2025-02-10,1.5605110563819953
4486038235,672241,2025-02-17,1.617061121346927
4486038235,672241,2025-02-24,1.6730218263138774
4486038235,672241,2025-03-03,1.7283931088259041
4486038328,672241,2024-11-25,0.6871114008639799
4486038328,672241,2024-12-02,0.7425913473205582
4486038328,672241,2024-12-09,0.7975583312532843
4486038328,672241,2024-12-16,0.8520123609666971
4486038328,672241,2024-12-23,0.905953389315532
4486038328,672241,2024-12-30,0.9593814766294689
4486038328,672241,2025-01-06,1.0122965676957638
4486038328,672241,2025-01-13,1.0646986672667766
4486038328,672241,2025-01-20,1.11658774839219
4486038328,672241,2025-01-27,1.167963752674707
4486038328,672241,2025-02-03,1.2188266695935905
4486038328,672241,2025-02-10,1.2691764132705332
4486038328,672241,2025-02-17,1.3190129759964586
4486038328,672241,2025-02-24,1.368336331064359
4486038328,672241,2025-03-03,1.417146456510495
4486038387,672241,2024-11-25,0.7874592713009763
4486038387,672241,2024-12-02,0.7874984493445484
4486038387,672241,2024-12-09,0.787496407902875
4486038387,672241,2024-12-16,0.7875043361769164
4486038387,672241,2024-12-23,0.7875208161266587
4486038387,672241,2024-12-30,0.7875374500665908
4486038387,672241,2025-01-06,0.7875470187579683
4486038387,672241,2025-01-13,0.7875451105389092
4486038387,672241,2025-01-20,0.7875419941623931
4486038387,672241,2025-01-27,0.7875400209361809
4486038387,672241,2025-02-03,0.7875257188125139
4486038387,672241,2025-02-10,0.7874980271414366
4486038387,672241,2025-02-17,0.7874678182557711
4486038387,672241,2025-02-24,0.7874390044905997
4486038387,672241,2025-03-03,0.7874094744404185
4636511797,672241,2024-11-25,0.0
4636511797,672241,2024-12-02,0.0
4636511797,672241,2024-12-09,0.0
4636511797,672241,2024-12-16,0.0
4636511797,672241,2024-12-23,0.0
4636511797,672241,2024-12-30,0.0
4636511797,672241,2025-01-06,0.0
4636511797,672241,2025-01-13,0.0
4636511797,672241,2025-01-20,0.0
4636511797,672241,2025-01-27,0.0
4636511797,672241,2025-02-03,0.0
4636511797,672241,2025-02-10,0.0
4636511797,672241,2025-02-17,0.0
4636511797,672241,2025-02-24,0.0
4636511797,672241,2025-03-03,0.0
4709870548,672241,2024-11-25,0.0
4709870548,672241,2024-12-02,0.0
4709870548,672241,2024-12-09,0.0
4709870548,672241,2024-12-16,0.0
4709870548,672241,2024-12-23,0.0
4709870548,672241,2024-12-30,0.0
4709870548,672241,2025-01-06,0.0
4709870548,672241,2025-01-13,0.0
4709870548,672241,2025-01-20,0.0
4709870548,672241,2025-01-27,0.0
4709870548,672241,2025-02-03,0.0
4709870548,672241,2025-02-10,0.0
4709870548,672241,2025-02-17,0.0
4709870548,672241,2025-02-24,0.0
4709870548,672241,2025-03-03,0.0
4723833696,672241,2024-11-25,5.051764345091991
4723833696,672241,2024-12-02,2.5516145873466183
4723833696,672241,2024-12-09,1.0515523022081004
4723833696,672241,2024-12-16,3.5515019420359146
4723833696,672241,2024-12-23,2.0514753450813332
4723833696,672241,2024-12-30,3.0514220120122704
4723833696,672241,2025-01-06,3.5513693113626377
4723833696,672241,2025-01-13,5.05127462085432
4723833696,672241,2025-01-20,2.5511997779562097
4723833696,672241,2025-01-27,2.551118925510827
4723833696,672241,2025-02-03,5.051016693888597
4723833696,672241,2025-02-10,2.5509437434635225
4723833696,672241,2025-02-17,2.550853189102577
4723833696,672241,2025-02-24,2.050852935750404
4723833696,672241,2025-03-03,2.0508849584383477
4723910471,672241,2024-11-25,2.5879230235937363
4723910471,672241,2024-12-02,0.6260894047783195
4723910471,672241,2024-12-09,1.6639315576040574
4723910471,672241,2024-12-16,0.7012762400728415
4723910471,672241,2024-12-23,1.7380528230655243
4723910471,672241,2024-12-30,0.7740929639742119
4723910471,672241,2025-01-06,0.8096627548126719
4723910471,672241,2025-01-13,1.8447609277163748
4723910471,672241,2025-01-20,0.37908712105643483
4723910471,672241,2025-01-27,2.4131684874441532
4723910471,672241,2025-02-03,0.4463499310679717
4723910471,672241,2025-02-10,0.4791526719686183
4723910471,672241,2025-02-17,1.5114791217024341
4723910471,672241,2025-02-24,2.0432154729358123
4723910471,672241,2025-03-03,1.5742332802801147
4723938440,672241,2024-11-25,5.010165916834627
4723938440,672241,2024-12-02,0.5100201296465414
4723938440,672241,2024-12-09,1.009743789055352
4723938440,672241,2024-12-16,-0.990442916270629
4723938440,672241,2024-12-23,12.009535770985558
4723938440,672241,2024-12-30,2.0093914379216637
4723938440,672241,2025-01-06,0.009351235677659941
4723938440,672241,2025-01-13,3.009327341382919
4723938440,672241,2025-01-20,0.009340289647802535
4723938440,672241,2025-01-27,-0.49065923776448916
4723938440,672241,2025-02-03,2.009300492804764
4723938440,672241,2025-02-10,3.509336104176799
4723938440,672241,2025-02-17,1.0093034378616512
4723938440,672241,2025-02-24,1.509328955077177
4723938440,672241,2025-03-03,-0.9906524363610949
4724133655,672241,2024-11-25,2.7357028575671865
4724133655,672241,2024-12-02,5.250449493209238
4724133655,672241,2024-12-09,-0.7531805777633716
4724133655,672241,2024-12-16,-0.7483761783724991
4724133655,672241,2024-12-23,-0.24518279033819484
4724133655,672241,2024-12-30,-0.7454218016136577
4724133655,672241,2025-01-06,-0.7457108513774536
4724133655,672241,2025-01-13,-0.7465757796541055
4724133655,672241,2025-01-20,-0.7477009654377339
4724133655,672241,2025-01-27,-0.24985636239915607
4724133655,672241,2025-02-03,-0.7501472733034356
4724133655,672241,2025-02-10,0.24889287663250537
4724133655,672241,2025-02-17,1.2443134848965565
4724133655,672241,2025-02-24,-0.7532763218150738
4724133655,672241,2025-03-03,0.2434954417610224
4727839041,672241,2024-11-25,0.0
4727839041,672241,2024-12-02,0.0
4727839041,672241,2024-12-09,0.0
4727839041,672241,2024-12-16,0.0
4727839041,672241,2024-12-23,0.0
4727839041,672241,2024-12-30,0.0
4727839041,672241,2025-01-06,0.0
4727839041,672241,2025-01-13,0.0
4727839041,672241,2025-01-20,0.0
4727839041,672241,2025-01-27,0.0
4727839041,672241,2025-02-03,0.0
4727839041,672241,2025-02-10,0.0
4727839041,672241,2025-02-17,0.0
4727839041,672241,2025-02-24,0.0
4727839041,672241,2025-03-03,0.0
4844412140,672241,2024-11-25,0.0
4844412140,672241,2024-12-02,0.0
4844412140,672241,2024-12-09,0.0
4844412140,672241,2024-12-16,0.0
4844412140,672241,2024-12-23,0.0
4844412140,672241,2024-12-30,0.0
4844412140,672241,2025-01-06,0.0
4844412140,672241,2025-01-13,0.0
4844412140,672241,2025-01-20,0.0
4844412140,672241,2025-01-27,0.0
4844412140,672241,2025-02-03,0.0
4844412140,672241,2025-02-10,0.0
4844412140,672241,2025-02-17,0.0
4844412140,672241,2025-02-24,0.0
4844412140,672241,2025-03-03,0.0
4861004995,672241,2024-11-25,0.0
4861004995,672241,2024-12-02,0.0
4861004995,672241,2024-12-09,0.0
4861004995,672241,2024-12-16,0.0
4861004995,672241,2024-12-23,0.0
4861004995,672241,2024-12-30,0.0
4861004995,672241,2025-01-06,0.0
4861004995,672241,2025-01-13,0.0
4861004995,672241,2025-01-20,0.0
4861004995,672241,2025-01-27,0.0
4861004995,672241,2025-02-03,0.0
4861004995,672241,2025-02-10,0.0
4861004995,672241,2025-02-17,0.0
4861004995,672241,2025-02-24,0.0
4861004995,672241,2025-03-03,0.0
4867304145,672241,2024-11-25,0.0
4867304145,672241,2024-12-02,0.0
4867304145,672241,2024-12-09,0.0
4867304145,672241,2024-12-16,0.0
4867304145,672241,2024-12-23,0.0
4867304145,672241,2024-12-30,0.0
4867304145,672241,2025-01-06,0.0
4867304145,672241,2025-01-13,0.0
4867304145,672241,2025-01-20,0.0
4867304145,672241,2025-01-27,0.0
4867304145,672241,2025-02-03,0.0
4867304145,672241,2025-02-10,0.0
4867304145,672241,2025-02-17,0.0
4867304145,672241,2025-02-24,0.0
4867304145,672241,2025-03-03,0.0
5982960035,672241,2024-11-25,0.558033332742732
5982960035,672241,2024-12-02,-1.9420103592806264
5982960035,672241,2024-12-09,-2.44206036909484
5982960035,672241,2024-12-16,3.0579024125773584
5982960035,672241,2024-12-23,-2.4421148197986158
5982960035,672241,2024-12-30,-2.942159662024963
5982960035,672241,2025-01-06,-1.942154740126778
5982960035,672241,2025-01-13,-1.9422168365113168
5982960035,672241,2025-01-20,-1.9422352252960646
5982960035,672241,2025-01-27,-2.4422744528295994
5982960035,672241,2025-02-03,-2.4423003559686656
5982960035,672241,2025-02-10,-1.4423289484094417
5982960035,672241,2025-02-17,-2.9423355592359353
5982960035,672241,2025-02-24,-1.94236426303705
5982960035,672241,2025-03-03,-1.942365834388956
5996489657,672241,2024-11-25,-0.02865713836935674
5996489657,672241,2024-12-02,-0.028679074966547806
5996489657,672241,2024-12-09,-0.02869862339610428
5996489657,672241,2024-12-16,-0.02871652369768502
5996489657,672241,2024-12-23,-0.028733423264525545
5996489657,672241,2024-12-30,-0.02874995034089149
5996489657,672241,2025-01-06,-0.028763271305745575
5996489657,672241,2025-01-13,-0.028773267267898188
5996489657,672241,2025-01-20,-0.028785876816972096
5996489657,672241,2025-01-27,-0.02880091325271008
5996489657,672241,2025-02-03,-0.028815499192938597
5996489657,672241,2025-02-10,-0.028830091442576245
5996489657,672241,2025-02-17,-0.028845133396124153
5996489657,672241,2025-02-24,-0.028861156331782656
5996489657,672241,2025-03-03,-0.028878650754882336
5996490387,672241,2024-11-25,-0.34615973013295986
5996490387,672241,2024-12-02,-0.3461592683138082
5996490387,672241,2024-12-09,-0.34615860086902406
5996490387,672241,2024-12-16,-0.3461577943977494
5996490387,672241,2024-12-23,-0.3461569135396517
5996490387,672241,2024-12-30,0.15384298584423894
5996490387,672241,2025-01-06,0.15384418888794055
5996490387,672241,2025-01-13,0.6538450363587155
5996490387,672241,2025-01-20,-0.3461553840316739
5996490387,672241,2025-01-27,-0.34615488334120176
5996490387,672241,2025-02-03,1.1538473200242096
5996490387,672241,2025-02-10,-0.34615316249764233
5996490387,672241,2025-02-17,0.15384714913947634
5996490387,672241,2025-02-24,0.15384888054555707
5996490387,672241,2025-03-03,-0.3461513763079431
5996537271,672241,2024-11-25,0.3552606507003404
5996537271,672241,2024-12-02,-0.14465341458015946
5996537271,672241,2024-12-09,0.3554596563220995
5996537271,672241,2024-12-16,-0.14446077858064227
5996537271,672241,2024-12-23,-0.14437058830931832
5996537271,672241,2024-12-30,-0.1442930639026418
5996537271,672241,2025-01-06,-0.14422705134849576
5996537271,672241,2025-01-13,0.8558279750840211
5996537271,672241,2025-01-20,-0.14412847036385412
5996537271,672241,2025-01-27,-0.1440951282013357
5996537271,672241,2025-02-03,-0.14407052751270577
5996537271,672241,2025-02-10,-0.1440541719531015
5996537271,672241,2025-02-17,-0.14404641264789741
5996537271,672241,2025-02-24,-0.14404603914785402
5996537271,672241,2025-03-03,-0.14405115109906846
5996540711,672241,2024-11-25,1.1825479357649598
5996540711,672241,2024-12-02,-0.8173883928957479
5996540711,672241,2024-12-09,-1.8173467091618207
5996540711,672241,2024-12-16,0.18269289223662877
5996540711,672241,2024-12-23,-1.3172927834642998
5996540711,672241,2024-12-30,-0.31728077299363294
5996540711,672241,2025-01-06,-0.8172585238436099
5996540711,672241,2025-01-13,-1.8172541502459538
5996540711,672241,2025-01-20,-1.3172569241577499
5996540711,672241,2025-01-27,-0.3172486009077521
5996540711,672241,2025-02-03,-1.3172571205249346
5996540711,672241,2025-02-10,-1.3172585606282832
5996540711,672241,2025-02-17,-1.3172631743625551
5996540711,672241,2025-02-24,-1.3172690243303324
5996540711,672241,2025-03-03,-0.8172714173174807
5996552646,672241,2024-11-25,0.3998213830259294
5996552646,672241,2024-12-02,0.3999397655031768
5996552646,672241,2024-12-09,0.40006047695728975
5996552646,672241,2024-12-16,8.899995062037332
5996552646,672241,2024-12-23,0.40029523075360596
5996552646,672241,2024-12-30,6.900595446135157
5996552646,672241,2025-01-06,4.400636591557106
5996552646,672241,2025-01-13,0.9006187074090701
5996552646,672241,2025-01-20,0.4007409501348692
5996552646,672241,2025-01-27,5.400704424499952
5996552646,672241,2025-02-03,0.400950732047175
5996552646,672241,2025-02-10,1.9010954106083964
5996552646,672241,2025-02-17,0.4011482172642411
5996552646,672241,2025-02-24,0.901258439850631
5996552646,672241,2025-03-03,0.9013202883910174
5996815882,672241,2024-11-25,0.3969143572465674
5996815882,672241,2024-12-02,-0.10309883078125298
5996815882,672241,2024-12-09,-0.10312744754462297
5996815882,672241,2024-12-16,-0.10311670155080654
5996815882,672241,2024-12-23,-0.10307782148607646
5996815882,672241,2024-12-30,0.39691012109636714
5996815882,672241,2025-01-06,-0.10302899055375275
5996815882,672241,2025-01-13,-0.10302878830255807
5996815882,672241,2025-01-20,-0.10302230315636857
5996815882,672241,2025-01-27,-0.10301488932126104
5996815882,672241,2025-02-03,-0.10300993280775014
5996815882,672241,2025-02-10,-0.10300918187011525
5996815882,672241,2025-02-17,-0.10301285456185574
5996815882,672241,2025-02-24,-0.10301991099405013
5996815882,672241,2025-03-03,-0.10302745649009382
5996820047,672241,2024-11-25,0.07900658796539631
5996820047,672241,2024-12-02,-0.4065152908764815
5996820047,672241,2024-12-09,-0.39539947188043406
5996820047,672241,2024-12-16,-0.38498918066423055
5996820047,672241,2024-12-23,-0.37529333292500855
5996820047,672241,2024-12-30,0.6281299500203471
5996820047,672241,2025-01-06,-0.3577501030958602
5996820047,672241,2025-01-13,1.152998130667699
5996820047,672241,2025-01-20,-0.3426452965868214
5996820047,672241,2025-01-27,-0.33612761439432426
5996820047,672241,2025-02-03,3.161461950019962
5996820047,672241,2025-02-10,0.17254922868201494
5996820047,672241,2025-02-17,-0.31959496472411086
5996820047,672241,2025-02-24,0.1821805584838868
5996820047,672241,2025-03-03,-0.3110005278036245
5996899120,672241,2024-11-25,-0.17307548897304906
5996899120,672241,2024-12-02,-0.173077228372298
5996899120,672241,2024-12-09,-0.17307824809965608
5996899120,672241,2024-12-16,-0.17307882919987322
5996899120,672241,2024-12-23,-0.17307899920015493
5996899120,672241,2024-12-30,-0.17307891621028906
5996899120,672241,2025-01-06,-0.17307861987566736
5996899120,672241,2025-01-13,-0.1730782057039441
5996899120,672241,2025-01-20,-0.17307753322967212
5996899120,672241,2025-01-27,0.3269212441651887
5996899120,672241,2025-02-03,-0.17307636238661817
5996899120,672241,2025-02-10,0.8269201785469311
5996899120,672241,2025-02-17,-0.173076464353075
5996899120,672241,2025-02-24,-0.17307696607864193
5996899120,672241,2025-03-03,-0.1730773097857802
5996932035,672241,2024-11-25,0.02891843750963628
5996932035,672241,2024-12-02,0.028912630635494884
5996932035,672241,2024-12-09,0.028907504977458927
5996932035,672241,2024-12-16,0.028902422567200794
5996932035,672241,2024-12-23,0.028900848494752364
5996932035,672241,2024-12-30,0.02890966801099153
5996932035,672241,2025-01-06,0.02893805260377446
5996932035,672241,2025-01-13,0.5289054317188407
5996932035,672241,2025-01-20,0.02892316080083309
5996932035,672241,2025-01-27,0.02888038330523554
5996932035,672241,2025-02-03,0.02886397528773684
5996932035,672241,2025-02-10,0.02886677853732321
5996932035,672241,2025-02-17,0.028881951131866323
5996932035,672241,2025-02-24,0.02890366410279297
5996932035,672241,2025-03-03,0.028927433298409622
5996937634,672241,2024-11-25,0.7884609622612784
5996937634,672241,2024-12-02,0.28846082315204824
5996937634,672241,2024-12-09,0.2884609187114733
5996937634,672241,2024-12-16,0.28846080648516276
5996937634,672241,2024-12-23,0.28846107255965175
5996937634,672241,2024-12-30,0.28846071777289106
5996937634,672241,2025-01-06,0.7884608815153822
5996937634,672241,2025-01-13,0.2884606144131595
5996937634,672241,2025-01-20,0.2884607167859203
5996937634,672241,2025-01-27,0.2884606503219648
5996937634,672241,2025-02-03,0.2884607071477509
5996937634,672241,2025-02-10,0.288460354331704
5996937634,672241,2025-02-17,0.7884603968452837
5996937634,672241,2025-02-24,0.28846019661644384
5996937634,672241,2025-03-03,1.2884601254049866
5996941129,672241,2024-11-25,-0.2595826342616139
5996941129,672241,2024-12-02,0.24038052486148284
5996941129,672241,2024-12-09,-0.2596105221993369
5996941129,672241,2024-12-16,-0.2596153132432416
5996941129,672241,2024-12-23,-0.25961549905121395
5996941129,672241,2024-12-30,0.2404073161927141
5996941129,672241,2025-01-06,0.24037454100601316
5996941129,672241,2025-01-13,0.240420180459894
5996941129,672241,2025-01-20,0.2404297194579513
5996941129,672241,2025-01-27,-0.25957896405536973
5996941129,672241,2025-02-03,-0.2595679817226098
5996941129,672241,2025-02-10,-0.2595573547219427
5996941129,672241,2025-02-17,-0.25954791627835677
5996941129,672241,2025-02-24,1.7403810441108973
5996941129,672241,2025-03-03,-0.259540782976954
7405700714,672241,2024-11-25,0.11540019608768148
7405700714,672241,2024-12-02,0.6154062812943102
7405700714,672241,2024-12-09,0.6154073335772061
7405700714,672241,2024-12-16,1.11541031534925
7405700714,672241,2024-12-23,0.11540334342645964
7405700714,672241,2024-12-30,0.6154055226591353
7405700714,672241,2025-01-06,0.6154037937800056
7405700714,672241,2025-01-13,1.1154049931304544
7405700714,672241,2025-01-20,0.6154008203982286
7405700714,672241,2025-01-27,2.115403315749959
7405700714,672241,2025-02-03,2.1154055553417166
7405700714,672241,2025-02-10,0.6154052948501647
7405700714,672241,2025-02-17,1.615416329333141
7405700714,672241,2025-02-24,2.6154316212958966
7405700714,672241,2025-03-03,12.115361580064684
9629394497,672241,2024-11-25,-0.5597543848237381
9629394497,672241,2024-12-02,1.4398917657257702
9629394497,672241,2024-12-09,0.9400337118482613
9629394497,672241,2024-12-16,0.43968111629484996
9629394497,672241,2024-12-23,-4.560280630251287
9629394497,672241,2024-12-30,-4.560179953128945
9629394497,672241,2025-01-06,-1.5598867687064404
9629394497,672241,2025-01-13,-3.5597248782553548
9629394497,672241,2025-01-20,-4.059526305845498
9629394497,672241,2025-01-27,-0.05883243280435346
9629394497,672241,2025-02-03,0.441096748284044
9629394497,672241,2025-02-10,-4.05878123873539
9629394497,672241,2025-02-17,0.9413699358413692
9629394497,672241,2025-02-24,-1.5583567150881537
9629394497,672241,2025-03-03,-5.558778463933686
15766844963,672241,2024-11-25,2.086540949560031
15766844963,672241,2024-12-02,0.08649954165655216
15766844963,672241,2024-12-09,2.586485472966878
15766844963,672241,2024-12-16,1.5865246813652925
15766844963,672241,2024-12-23,0.586505308345202
15766844963,672241,2024-12-30,0.5865061842515952
15766844963,672241,2025-01-06,0.08649578880050784
15766844963,672241,2025-01-13,1.0864724259777976
15766844963,672241,2025-01-20,1.0864653030780804
15766844963,672241,2025-01-27,0.586459509366115
15766844963,672241,2025-02-03,2.0864299318950184
15766844963,672241,2025-02-10,0.08645534548934941
15766844963,672241,2025-02-17,0.5864462593211717
15766844963,672241,2025-02-24,3.086436983540178
15766844963,672241,2025-03-03,1.0864441154262368
20377431146,672241,2024-11-25,-0.05794687866057461
20377431146,672241,2024-12-02,-0.057954491622535416
20377431146,672241,2024-12-09,-0.057961073112196546
20377431146,672241,2024-12-16,-0.05796664317669705
20377431146,672241,2024-12-23,-0.05797099530325349
20377431146,672241,2024-12-30,-0.05797445546382854
20377431146,672241,2025-01-06,-0.057977313571341345
20377431146,672241,2025-01-13,-0.057979397881089356
20377431146,672241,2025-01-20,-0.05798068717424516
20377431146,672241,2025-01-27,-0.057981316546566096
20377431146,672241,2025-02-03,-0.05798126795755583
20377431146,672241,2025-02-10,-0.057980602214989546
20377431146,672241,2025-02-17,-0.05797936321812996
20377431146,672241,2025-02-24,0.4420372903940456
20377431146,672241,2025-03-03,-0.05797371800395769
24738070995,672241,2024-11-25,0.4386269932679604
24738070995,672241,2024-12-02,0.43840438158253664
24738070995,672241,2024-12-09,0.43814746807950355
24738070995,672241,2024-12-16,0.43785555654426356
24738070995,672241,2024-12-23,0.43753037290580526
24738070995,672241,2024-12-30,0.4371727777042006
24738070995,672241,2025-01-06,1.9369566026064473
24738070995,672241,2025-01-13,0.43660708243001656
24738070995,672241,2025-01-20,0.4364824070571863
24738070995,672241,2025-01-27,0.4363267584453191
24738070995,672241,2025-02-03,1.4362522457888494
24738070995,672241,2025-02-10,0.4360774493869196
24738070995,672241,2025-02-17,0.4360403685241008
24738070995,672241,2025-02-24,0.4359697223385392
24738070995,672241,2025-03-03,0.4358676637759351
24738579136,672241,2024-11-25,0.8347717871533233
24738579136,672241,2024-12-02,0.8572714795096965
24738579136,672241,2024-12-09,0.87949923681982
24738579136,672241,2024-12-16,0.9014542166141721
24738579136,672241,2024-12-23,0.9231361489664357
24738579136,672241,2024-12-30,0.9445440435458847
24738579136,672241,2025-01-06,0.9656774169214618
24738579136,672241,2025-01-13,0.986535805150585
24738579136,672241,2025-01-20,1.0071175439417748
24738579136,672241,2025-01-27,1.0274220068418152
24738579136,672241,2025-02-03,1.0474487805143256
24738579136,672241,2025-02-10,1.0671966013878231
24738579136,672241,2025-02-17,1.5866821176556272
24738579136,672241,2025-02-24,1.1058654760412707
24738579136,672241,2025-03-03,1.1247862079803894
25223257610,672241,2024-11-25,-0.14690946116866743
25223257610,672241,2024-12-02,-0.14621781009497492
25223257610,672241,2024-12-09,0.35446924184562656
25223257610,672241,2024-12-16,0.8548455710007744
25223257610,672241,2024-12-23,-0.14477016847370927
25223257610,672241,2024-12-30,-0.14444643461428366
25223257610,672241,2025-01-06,-0.14417885777783035
25223257610,672241,2025-01-13,-0.14396354076735365
25223257610,672241,2025-01-20,1.3561316406120276
25223257610,672241,2025-01-27,-0.14358125689075216
25223257610,672241,2025-02-03,-0.14341447599620596
25223257610,672241,2025-02-10,-0.1432975282331576
25223257610,672241,2025-02-17,0.3567016663940168
25223257610,672241,2025-02-24,-0.14309884849735366
25223257610,672241,2025-03-03,-0.14300795593994306
25223743696,672241,2024-11-25,-0.1443988258406165
25223743696,672241,2024-12-02,-0.14402845495436428
25223743696,672241,2024-12-09,0.3563274472980713
25223743696,672241,2024-12-16,0.3565771783767546
25223743696,672241,2024-12-23,1.3569071483238093
25223743696,672241,2024-12-30,-0.14304072172302812
25223743696,672241,2025-01-06,0.35700473499948326
25223743696,672241,2025-01-13,-0.143050128272721
25223743696,672241,2025-01-20,0.3568811726548854
25223743696,672241,2025-01-27,0.35688930964523247
25223743696,672241,2025-02-03,-0.14320488331453818
25223743696,672241,2025-02-10,-0.14331188396668648
25223743696,672241,2025-02-17,1.3565563857420568
25223743696,672241,2025-02-24,-0.14333432958381115
25223743696,672241,2025-03-03,-0.1432519280167613
25223744190,672241,2024-11-25,0.02212351978615093
25223744190,672241,2024-12-02,0.02213839442116377
25223744190,672241,2024-12-09,0.5221532256353646
25223744190,672241,2024-12-16,0.022154141746177636
25223744190,672241,2024-12-23,0.022157942024066055
25223744190,672241,2024-12-30,0.022156912847429502
25223744190,672241,2025-01-06,0.022151810539304664
25223744190,672241,2025-01-13,0.5221520930670424
25223744190,672241,2025-01-20,0.02214262007592431
25223744190,672241,2025-01-27,0.022139202412236908
25223744190,672241,2025-02-03,0.022133431018417818
25223744190,672241,2025-02-10,0.5221343607524904
25223744190,672241,2025-02-17,0.022127064401518376
25223744190,672241,2025-02-24,0.02212741501678636
25223744190,672241,2025-03-03,0.022126817092619558
25671218131,672241,2024-11-25,-1.4233775022923691
25671218131,672241,2024-12-02,-1.497101544126337
25671218131,672241,2024-12-09,-1.07014350354044
25671218131,672241,2024-12-16,-2.1425029401663216
25671218131,672241,2024-12-23,-1.714175163441324
25671218131,672241,2024-12-30,-1.7851581751805807
25671218131,672241,2025-01-06,-1.3554433950147284
25671218131,672241,2025-01-13,-2.4250277982784905
25671218131,672241,2025-01-20,-1.993914761994746
25671218131,672241,2025-01-27,-2.0621049788515835
25671218131,672241,2025-02-03,-2.129605548393496
25671218131,672241,2025-02-10,-2.696405120769711
25671218131,672241,2025-02-17,-2.7625026495305205
25671218131,672241,2025-02-24,-2.8279043710052916
25671218131,672241,2025-03-03,-1.8926142127961834
25671218642,672241,2024-11-25,1.2786884832633834
25671218642,672241,2024-12-02,2.7787007663335643
25671218642,672241,2024-12-09,2.7787338789276532
25671218642,672241,2024-12-16,1.2787594441282288
25671218642,672241,2024-12-23,4.778759597242135
25671218642,672241,2024-12-30,0.2787574814152298
25671218642,672241,2025-01-06,0.7787503772264829
25671218642,672241,2025-01-13,0.2787410284068107
25671218642,672241,2025-01-20,0.7787315916513603
25671218642,672241,2025-01-27,1.778751752381003
25671218642,672241,2025-02-03,-0.7212425327511195
25671218642,672241,2025-02-10,-0.721234228932707
25671218642,672241,2025-02-17,-0.22121958402893982
25671218642,672241,2025-02-24,1.2787740282101743
25671218642,672241,2025-03-03,-0.221217303989716
27095798175,672241,2024-11-25,0.5894217242199482
27095798175,672241,2024-12-02,-1.9105344314552788
27095798175,672241,2024-12-09,-2.910561873478673
27095798175,672241,2024-12-16,-3.4106208229210973
27095798175,672241,2024-12-23,-3.4105967467531855
27095798175,672241,2024-12-30,-3.4106002149336305
27095798175,672241,2025-01-06,-3.410675454996009
27095798175,672241,2025-01-13,-3.4107047157244033
27095798175,672241,2025-01-20,-3.41063647666547
27095798175,672241,2025-01-27,-3.410572541974377
27095798175,672241,2025-02-03,-3.410605741838534
27095798175,672241,2025-02-10,-2.4107828420134783
27095798175,672241,2025-02-17,-3.410865405453789
27095798175,672241,2025-02-24,-2.9109640651943387
27095798175,672241,2025-03-03,-3.410993425091582
27095801676,672241,2024-11-25,2.8580163586777987
27095801676,672241,2024-12-02,1.35782128206621
27095801676,672241,2024-12-09,0.3576040437279679
27095801676,672241,2024-12-16,-0.14266207031593087
27095801676,672241,2024-12-23,-0.14281811785859638
27095801676,672241,2024-12-30,-0.14290403156536557
27095801676,672241,2025-01-06,-0.14293407793838808
27095801676,672241,2025-01-13,-0.14292083932558397
27095801676,672241,2025-01-20,-0.14288021791890826
27095801676,672241,2025-01-27,-0.14282022660016275
27095801676,672241,2025-02-03,-0.1427466521473213
27095801676,672241,2025-02-10,-0.14266820321234291
27095801676,672241,2025-02-17,0.35741376030571187
27095801676,672241,2025-02-24,-0.1425349919478064
27095801676,672241,2025-03-03,-0.1424431132982208
27095803613,672241,2024-11-25,0.447618946429983
27095803613,672241,2024-12-02,0.9477584842012288
27095803613,672241,2024-12-09,0.4478089854081557
27095803613,672241,2024-12-16,1.4480216210175259
27095803613,672241,2024-12-23,0.9480384949147004
27095803613,672241,2024-12-30,0.9480981949243461
27095803613,672241,2025-01-06,0.9481258059168529
27095803613,672241,2025-01-13,1.448200884248243
27095803613,672241,2025-01-20,0.44808648142283375
27095803613,672241,2025-01-27,0.9481269820937294
27095803613,672241,2025-02-03,0.9480887200922418
27095803613,672241,2025-02-10,0.9480559012339109
27095803613,672241,2025-02-17,0.4479603775855981
27095803613,672241,2025-02-24,0.44789779299454646
27095803613,672241,2025-03-03,1.4479509241397335
27095804199,672241,2024-11-25,-0.14432761873688205
27095804199,672241,2024-12-02,-0.14432751904957103
27095804199,672241,2024-12-09,-0.14432626724762987
27095804199,672241,2024-12-16,-0.14432384580805985
27095804199,672241,2024-12-23,-0.14431956040034688
27095804199,672241,2024-12-30,-0.14431309673356735
27095804199,672241,2025-01-06,-0.14430542808610242
27095804199,672241,2025-01-13,-0.14429608598128157
27095804199,672241,2025-01-20,-0.14428526700785504
27095804199,672241,2025-01-27,-0.14427332148494515
27095804199,672241,2025-02-03,-0.14426000968848157
27095804199,672241,2025-02-10,0.8557412652215115
27095804199,672241,2025-02-17,0.35575047768019324
27095804199,672241,2025-02-24,0.8557501169628902
27095804199,672241,2025-03-03,-0.14425762028965405
27095805681,672241,2024-11-25,0.8805239934037093
27095805681,672241,2024-12-02,0.880676278758321
27095805681,672241,2024-12-09,3.880475908676896
27095805681,672241,2024-12-16,0.3805948773905272
27095805681,672241,2024-12-23,0.3806366576532991
27095805681,672241,2024-12-30,0.38061584427983086
27095805681,672241,2025-01-06,0.38060707883569855
27095805681,672241,2025-01-13,0.3806970678246755
27095805681,672241,2025-01-20,0.8809706014312115
27095805681,672241,2025-01-27,0.8811637191328315
27095805681,672241,2025-02-03,1.8815011602195202
27095805681,672241,2025-02-10,3.3817057156230756
27095805681,672241,2025-02-17,0.8819676315164494
27095805681,672241,2025-02-24,0.38215983727407665
27095805681,672241,2025-03-03,0.8822837161269153
27095807110,672241,2024-11-25,6.634582309948254
27095807110,672241,2024-12-02,5.6345572707912694
27095807110,672241,2024-12-09,3.1346588505701147
27095807110,672241,2024-12-16,7.134710211780519
27095807110,672241,2024-12-23,1.6345754663048038
27095807110,672241,2024-12-30,0.6345928877680052
27095807110,672241,2025-01-06,0.6346088935721426
27095807110,672241,2025-01-13,1.134635843573506
27095807110,672241,2025-01-20,1.6346157792205847
27095807110,672241,2025-01-27,0.6346562026606986
27095807110,672241,2025-02-03,1.1346555171226438
27095807110,672241,2025-02-10,1.6346526587650185
27095807110,672241,2025-02-17,0.6346850488726004
27095807110,672241,2025-02-24,0.6346924722484999
27095807110,672241,2025-03-03,3.6346175978802098
27095807671,672241,2024-11-25,0.9974230861562559
27095807671,672241,2024-12-02,-1.5029395869160571
27095807671,672241,2024-12-09,4.497181970873065
27095807671,672241,2024-12-16,-1.0030176230455758
27095807671,672241,2024-12-23,-1.0029057298009394
27095807671,672241,2024-12-30,-0.003287293543009051
27095807671,672241,2025-01-06,-1.5035147969000342
27095807671,672241,2025-01-13,-1.0038362278064215
27095807671,672241,2025-01-20,1.9953657087119852
27095807671,672241,2025-01-27,3.495234111726934
27095807671,672241,2025-02-03,-0.005368514956902493
27095807671,672241,2025-02-10,0.49425249727091547
27095807671,672241,2025-02-17,0.9943104571334531
27095807671,672241,2025-02-24,-0.5060279339291937
27095807671,672241,2025-03-03,4.994240768456719
27095808173,672241,2024-11-25,0.22360853950972914
27095808173,672241,2024-12-02,0.1910939360848954
27095808173,672241,2024-12-09,0.1618767092557602
27095808173,672241,2024-12-16,0.6117184383694507
27095808173,672241,2024-12-23,0.11792913810454303
27095808173,672241,2024-12-30,1.1001417059062106
27095808173,672241,2025-01-06,0.08455930328874584
27095808173,672241,2025-01-13,0.07083659256499614
27095808173,672241,2025-01-20,0.5852743151418025
27095808173,672241,2025-01-27,0.575328540549182
27095808173,672241,2025-02-03,0.04181247472497607
27095808173,672241,2025-02-10,0.5107894491281488
27095808173,672241,2025-02-17,0.03193117491399439
27095808173,672241,2025-02-24,0.026780833956494388
27095808173,672241,2025-03-03,0.02287838623767796
27095808692,672241,2024-11-25,2.0458037472928474
27095808692,672241,2024-12-02,0.04574173337246501
27095808692,672241,2024-12-09,-0.9543209328615326
27095808692,672241,2024-12-16,-0.9543645220254163
27095808692,672241,2024-12-23,-0.9544114313361319
27095808692,672241,2024-12-30,-0.9544365556956538
27095808692,672241,2025-01-06,-0.4544012071335948
27095808692,672241,2025-01-13,-0.454363270094793
27095808692,672241,2025-01-20,-0.4542960869575333
27095808692,672241,2025-01-27,0.045750576112247865
27095808692,672241,2025-02-03,-0.9541820973930067
27095808692,672241,2025-02-10,-0.9541307543549391
27095808692,672241,2025-02-17,-0.9540892480380138
27095808692,672241,2025-02-24,-0.9540513355027003
27095808692,672241,2025-03-03,-0.9540151656590978
27095809660,672241,2024-11-25,0.533437700804237
27095809660,672241,2024-12-02,1.0345257243787498
27095809660,672241,2024-12-09,0.5347202775672574
27095809660,672241,2024-12-16,1.5345907985017933
27095809660,672241,2024-12-23,1.0343213869409957
27095809660,672241,2024-12-30,0.5341581522615488
27095809660,672241,2025-01-06,1.0339959026104464
27095809660,672241,2025-01-13,1.034040492459475
27095809660,672241,2025-01-20,0.534025073439732
27095809660,672241,2025-01-27,0.534102410655479
27095809660,672241,2025-02-03,0.5342320140634926
27095809660,672241,2025-02-10,0.5343928968634428
27095809660,672241,2025-02-17,0.5345673635935482
27095809660,672241,2025-02-24,0.5347403750114451
27095809660,672241,2025-03-03,0.5349014072238715
27095810173,672241,2024-11-25,3.8749925376704906
27095810173,672241,2024-12-02,3.374987717034881
27095810173,672241,2024-12-09,3.874982481480227
27095810173,672241,2024-12-16,3.3749880442258315
27095810173,672241,2024-12-23,3.3749851934838406
27095810173,672241,2024-12-30,3.3749868967977568
27095810173,672241,2025-01-06,16.37486772955285
27095810173,672241,2025-01-13,3.3749875711527517
27095810173,672241,2025-01-20,3.374987142548711
27095810173,672241,2025-01-27,3.374989275361558
27095810173,672241,2025-02-03,3.3749883566475747
27095810173,672241,2025-02-10,6.8749579120164395
27095810173,672241,2025-02-17,13.374897400759572
27095810173,672241,2025-02-24,3.8749852626574395
27095810173,672241,2025-03-03,4.374982139483269
27095810673,672241,2024-11-25,5.229155274992226
27095810673,672241,2024-12-02,5.229488864317464
27095810673,672241,2024-12-09,5.229594699109129
27095810673,672241,2024-12-16,5.229519230400181
27095810673,672241,2024-12-23,5.2293677189423065
27095810673,672241,2024-12-30,5.229132916216809
27095810673,672241,2025-01-06,5.228908622847323
27095810673,672241,2025-01-13,5.2290449361372735
27095810673,672241,2025-01-20,7.7283669645919115
27095810673,672241,2025-01-27,5.228545141288416
27095810673,672241,2025-02-03,7.227458697799029
27095810673,672241,2025-02-10,6.227306179913963
27095810673,672241,2025-02-17,6.726425000650846
27095810673,672241,2025-02-24,6.726512200368754
27095810673,672241,2025-03-03,8.225510192721824
27095811177,672241,2024-11-25,1.011701868228676
27095811177,672241,2024-12-02,0.5120102703113505
27095811177,672241,2024-12-09,0.5123539949526172
27095811177,672241,2024-12-16,1.0127394163177426
27095811177,672241,2024-12-23,0.5129736131607457
27095811177,672241,2024-12-30,0.5132524349767028
27095811177,672241,2025-01-06,1.0135764405272187
27095811177,672241,2025-01-13,0.5137547924369985
27095811177,672241,2025-01-20,1.5141185304271738
27095811177,672241,2025-01-27,0.5142116347181278
27095811177,672241,2025-02-03,0.5144229309487133
27095811177,672241,2025-02-10,0.5146220197934921
27095811177,672241,2025-02-17,0.5148038875463481
27095811177,672241,2025-02-24,1.0150404494242153
27095811177,672241,2025-03-03,1.0152147948268908
27095812646,672241,2024-11-25,1.0775629971468899
27095812646,672241,2024-12-02,0.5770020174451974
27095812646,672241,2024-12-09,0.5767269449577878
27095812646,672241,2024-12-16,0.576593377279331
27095812646,672241,2024-12-23,0.576539870412815
27095812646,672241,2024-12-30,0.5765293256791431
27095812646,672241,2025-01-06,0.5765424937522678
27095812646,672241,2025-01-13,0.5765693241371102
27095812646,672241,2025-01-20,0.5765994659882678
27095812646,672241,2025-01-27,0.5766304429954734
27095812646,672241,2025-02-03,1.0767078284726483
27095812646,672241,2025-02-10,0.5766932781014442
27095812646,672241,2025-02-17,0.5767180576910238
27095812646,672241,2025-02-24,0.5767371401320289
27095812646,672241,2025-03-03,0.5767522706067207
27095813697,672241,2024-11-25,-0.19999630729688175
27095813697,672241,2024-12-02,0.8008690668714192
27095813697,672241,2024-12-09,-0.20001138092986556
27095813697,672241,2024-12-16,-0.20010489474325024
27095813697,672241,2024-12-23,-0.20020697737310955
27095813697,672241,2024-12-30,0.3000893055654561
27095813697,672241,2025-01-06,-0.20048392967069972
27095813697,672241,2025-01-13,-0.20068612103545536
27095813697,672241,2025-01-20,-0.20089902060589582
27095813697,672241,2025-01-27,0.2984881950467081
27095813697,672241,2025-02-03,-0.2012680190038506
27095813697,672241,2025-02-10,-0.2014414638412656
27095813697,672241,2025-02-17,-0.201634319211139
27095813697,672241,2025-02-24,-0.2018227628175176
27095813697,672241,2025-03-03,-0.20203044814476195
27095814149,672241,2024-11-25,0.4711529714033402
27095814149,672241,2024-12-02,0.47115256246524423
27095814149,672241,2024-12-09,-0.028847990831232906
27095814149,672241,2024-12-16,0.4711520299002646
27095814149,672241,2024-12-23,0.47115134301323014
27095814149,672241,2024-12-30,-0.028848567740205833
27095814149,672241,2025-01-06,-0.02884867332117058
27095814149,672241,2025-01-13,-0.028848754019328404
27095814149,672241,2025-01-20,-0.02884881079466406
27095814149,672241,2025-01-27,-0.02884881633795988
27095814149,672241,2025-02-03,0.47115155168469725
27095814149,672241,2025-02-10,0.4711510496901589
27095814149,672241,2025-02-17,-0.028848761959743396
27095814149,672241,2025-02-24,0.9711518341662992
27095814149,672241,2025-03-03,-0.02884849904723341
27878669323,672241,2024-11-25,4.379133847633443
27878669323,672241,2024-12-02,4.378847685297399
27878669323,672241,2024-12-09,4.378518025515084
27878669323,672241,2024-12-16,4.3782948002061115
27878669323,672241,2024-12-23,4.8780876731881255
27878669323,672241,2024-12-30,4.877965410995309
27878669323,672241,2025-01-06,4.377893189010968
27878669323,672241,2025-01-13,4.377817489229505
27878669323,672241,2025-01-20,4.8777694054889364
27878669323,672241,2025-01-27,4.877686474375621
27878669323,672241,2025-02-03,5.877560767386242
27878669323,672241,2025-02-10,6.877452418794791
27878669323,672241,2025-02-17,5.877391795812928
27878669323,672241,2025-02-24,7.877463771985504
27878669323,672241,2025-03-03,5.877551436810857
27878726372,672241,2024-11-25,0.7594136198615444
27878726372,672241,2024-12-02,0.759275224478897
27878726372,672241,2024-12-09,3.2590146159815676
27878726372,672241,2024-12-16,0.25907630568405293
27878726372,672241,2024-12-23,0.7590226810029933
27878726372,672241,2024-12-30,0.25890644243518846
27878726372,672241,2025-01-06,0.2588612320094621
27878726372,672241,2025-01-13,0.25883648409884863
27878726372,672241,2025-01-20,0.25883089754737065
27878726372,672241,2025-01-27,0.258843096155146
27878726372,672241,2025-02-03,0.7589162472973175
27878726372,672241,2025-02-10,0.2589178929402084
27878726372,672241,2025-02-17,0.25896544606264404
27878726372,672241,2025-02-24,0.7589787983474899
27878726372,672241,2025-03-03,0.7590548054692523
28809186837,672241,2024-11-25,1.7914517616550765
28809186837,672241,2024-12-02,1.7914771615061162
28809186837,672241,2024-12-09,1.7914938403547143
28809186837,672241,2024-12-16,1.7915037815327606
28809186837,672241,2024-12-23,1.7915027323352133
28809186837,672241,2024-12-30,2.291488642557429
28809186837,672241,2025-01-06,1.7915002027398945
28809186837,672241,2025-01-13,1.7915033415133805
28809186837,672241,2025-01-20,2.2915129050114347
28809186837,672241,2025-01-27,1.7914955785034428
28809186837,672241,2025-02-03,1.7914902039718505
28809186837,672241,2025-02-10,1.791488569789913
28809186837,672241,2025-02-17,1.7914893883213427
28809186837,672241,2025-02-24,1.7914913902825145
28809186837,672241,2025-03-03,1.7914897278396205
28809187395,672241,2024-11-25,0.028842916315020062
28809187395,672241,2024-12-02,0.0288422954934342
28809187395,672241,2024-12-09,0.02884171758310361
28809187395,672241,2024-12-16,0.02884174616277238
28809187395,672241,2024-12-23,0.5288529371766849
28809187395,672241,2024-12-30,0.02884184616357427
28809187395,672241,2025-01-06,0.5288527728218448
28809187395,672241,2025-01-13,0.028841492485242676
28809187395,672241,2025-01-20,0.028841507420305584
28809187395,672241,2025-01-27,0.5288305750221038
28809187395,672241,2025-02-03,0.028842162031190083
28809187395,672241,2025-02-10,0.028842809521977514
28809187395,672241,2025-02-17,0.02884320843044122
28809187395,672241,2025-02-24,0.5288321470411375
28809187395,672241,2025-03-03,0.028843256724025573
28809187852,672241,2024-11-25,0.028788481623665402
28809187852,672241,2024-12-02,0.02878718055909557
28809187852,672241,2024-12-09,0.028785088440733644
28809187852,672241,2024-12-16,0.028782274771283742
28809187852,672241,2024-12-23,0.028779103069565465
28809187852,672241,2024-12-30,0.028775462096979773
28809187852,672241,2025-01-06,0.528786248393184
28809187852,672241,2025-01-13,0.028779036007484174
28809187852,672241,2025-01-20,0.028786682689828452
28809187852,672241,2025-01-27,0.028793222298061208
28809187852,672241,2025-02-03,0.028799138601738564
28809187852,672241,2025-02-10,0.02880410590144021
28809187852,672241,2025-02-17,0.028808068244093793
28809187852,672241,2025-02-24,0.028811698632144528
28809187852,672241,2025-03-03,0.028814345599472366
28809207396,672241,2024-11-25,-0.3459935671395609
28809207396,672241,2024-12-02,-0.34601892002233225
28809207396,672241,2024-12-09,-0.3460380597311058
28809207396,672241,2024-12-16,-0.34605233295610227
28809207396,672241,2024-12-23,-0.34606289881583335
28809207396,672241,2024-12-30,-0.34607064141438554
28809207396,672241,2025-01-06,-0.3460761602342263
28809207396,672241,2025-01-13,-0.346081911145566
28809207396,672241,2025-01-20,-0.346086527797169
28809207396,672241,2025-01-27,-0.34609273613778413
28809207396,672241,2025-02-03,-0.3460982494765719
28809207396,672241,2025-02-10,-0.3461046985220663
28809207396,672241,2025-02-17,-0.3461119863863563
28809207396,672241,2025-02-24,-0.34611928585368035
28809207396,672241,2025-03-03,-0.34612686807506776
28809212359,672241,2024-11-25,5.876595153615253
28809212359,672241,2024-12-02,5.376653404347104
28809212359,672241,2024-12-09,5.376596661604408
28809212359,672241,2024-12-16,5.87653543405673
28809212359,672241,2024-12-23,5.376455911756613
28809212359,672241,2024-12-30,5.3763542166159315
28809212359,672241,2025-01-06,5.376102703823155
28809212359,672241,2025-01-13,5.376013513289346
28809212359,672241,2025-01-20,5.875932442628625
28809212359,672241,2025-01-27,6.875863273729052
28809212359,672241,2025-02-03,5.375873984055279
28809212359,672241,2025-02-10,5.3759201364798175
28809212359,672241,2025-02-17,5.37589162080299
28809212359,672241,2025-02-24,5.375897240470363
28809212359,672241,2025-03-03,5.375904341576352
28809285342,672241,2024-11-25,-2.163363428221593
28809285342,672241,2024-12-02,-2.3531927007650384
28809285342,672241,2024-12-09,-1.54114701128862
28809285342,672241,2024-12-16,-3.2274444600022925
28809285342,672241,2024-12-23,-3.4119410408086606
28809285342,672241,2024-12-30,-3.5946814955148265
28809285342,672241,2025-01-06,-3.775665060841683
28809285342,672241,2025-01-13,-3.9548897233107017
28809285342,672241,2025-01-20,-3.132386280259478
28809285342,672241,2025-01-27,-4.308056252268186
28809285342,672241,2025-02-03,-4.481989332481817
28809285342,672241,2025-02-10,-4.654161055974198
28809285342,672241,2025-02-17,-4.824573390662145
28809285342,672241,2025-02-24,-4.993225100426956
28809285342,672241,2025-03-03,-5.160114249567784
28809472364,672241,2024-11-25,0.6372225253640711
28809472364,672241,2024-12-02,0.1240775875019676
28809472364,672241,2024-12-09,0.6110731458614613
28809472364,672241,2024-12-16,0.09820784708405558
28809472364,672241,2024-12-23,0.08548193038791657
28809472364,672241,2024-12-30,0.5728975346146796
28809472364,672241,2025-01-06,0.060453140878139654
28809472364,672241,2025-01-13,0.04814884123334491
28809472364,672241,2025-01-20,0.03598473310320638
28809472364,672241,2025-01-27,0.023960925476366413
28809472364,672241,2025-02-03,0.012077199053852544
28809472364,672241,2025-02-10,0.0003335062263900429
28809472364,672241,2025-02-17,0.4887315379905238
28809472364,672241,2025-02-24,-0.022730589803872853
28809472364,672241,2025-03-03,-0.03405298114326248
28809487326,672241,2024-11-25,0.43181428514997455
28809487326,672241,2024-12-02,0.4317556003624762
28809487326,672241,2024-12-09,0.4317120016211037
28809487326,672241,2024-12-16,0.9316550022251127
28809487326,672241,2024-12-23,0.931631380324919
28809487326,672241,2024-12-30,0.4316399295709095
28809487326,672241,2025-01-06,0.4316323354228092
28809487326,672241,2025-01-13,0.4316376961382046
28809487326,672241,2025-01-20,0.43165440649451753
28809487326,672241,2025-01-27,0.4316800211188405
28809487326,672241,2025-02-03,0.43171451828689256
28809487326,672241,2025-02-10,2.431646131960086
28809487326,672241,2025-02-17,0.4317731485309859
28809487326,672241,2025-02-24,0.43179580672716117
28809487326,672241,2025-03-03,0.9317964300073462
28809487836,672241,2024-11-25,-0.00031986841491223744
28809487836,672241,2024-12-02,0.4995190520284252
28809487836,672241,2024-12-09,-0.0002721452102914801
28809487836,672241,2024-12-16,0.9997482450031177
28809487836,672241,2024-12-23,-0.00023496228495678562
28809487836,672241,2024-12-30,-0.00022624533839334104
28809487836,672241,2025-01-06,-0.00022218401846303693
28809487836,672241,2025-01-13,-0.0002188555756462776
28809487836,672241,2025-01-20,-0.00021918262325581334
28809487836,672241,2025-01-27,-0.0002258736092193639
28809487836,672241,2025-02-03,-0.00023433778822978119
28809487836,672241,2025-02-10,-0.00023996689534144106
28809487836,672241,2025-02-17,-0.0002454156612992642
28809487836,672241,2025-02-24,-0.00024988469349448983
28809487836,672241,2025-03-03,-0.0002527173803112334
28809488890,672241,2024-11-25,-0.057693196569833946
28809488890,672241,2024-12-02,-0.05769363869339704
28809488890,672241,2024-12-09,-0.057694025554647525
28809488890,672241,2024-12-16,-0.05769438841534094
28809488890,672241,2024-12-23,-0.05769467793192078
28809488890,672241,2024-12-30,-0.05769492991462333
28809488890,672241,2025-01-06,-0.057695134913969784
28809488890,672241,2025-01-13,-0.05769527309460004
28809488890,672241,2025-01-20,-0.05769540094348784
28809488890,672241,2025-01-27,-0.0576954685630516
28809488890,672241,2025-02-03,-0.057695497248822
28809488890,672241,2025-02-10,-0.05769548868446741
28809488890,672241,2025-02-17,-0.0576954336483078
28809488890,672241,2025-02-24,-0.05769534848481481
28809488890,672241,2025-03-03,-0.057695207786784886
28809489369,672241,2024-11-25,2.1057924605949947
28809489369,672241,2024-12-02,1.6057183709873857
28809489369,672241,2024-12-09,0.6057438773519597
28809489369,672241,2024-12-16,1.6056916180876135
28809489369,672241,2024-12-23,0.6056977232141635
28809489369,672241,2024-12-30,1.6057269495110922
28809489369,672241,2025-01-06,2.1057074942060963
28809489369,672241,2025-01-13,0.6057165279479745
28809489369,672241,2025-01-20,1.1056997305369507
28809489369,672241,2025-01-27,1.1057049278772335
28809489369,672241,2025-02-03,1.1057215825389677
28809489369,672241,2025-02-10,1.6056753308695524
28809489369,672241,2025-02-17,4.105737279802605
28809489369,672241,2025-02-24,1.10575175989514
28809489369,672241,2025-03-03,0.605800027033776
28809490329,672241,2024-11-25,-0.09278519856232398
28809490329,672241,2024-12-02,0.4072304347025109
28809490329,672241,2024-12-09,0.4071614754983768
28809490329,672241,2024-12-16,0.4071309540626151
28809490329,672241,2024-12-23,-0.09282621291435333
28809490329,672241,2024-12-30,3.9070880209621435
28809490329,672241,2025-01-06,1.407131679706917
28809490329,672241,2025-01-13,2.407075522110252
28809490329,672241,2025-01-20,2.4071237387143607
28809490329,672241,2025-01-27,4.407094047480289
28809490329,672241,2025-02-03,-0.09282670212297922
28809490329,672241,2025-02-10,0.4071278056282014
28809490329,672241,2025-02-17,-0.092812969891433
28809490329,672241,2025-02-24,-0.09277194446054876
28809490329,672241,2025-03-03,-0.09278573585943539
30181290347,672241,2024-11-25,-0.2324483504159628
30181290347,672241,2024-12-02,-0.2325730072170465
30181290347,672241,2024-12-09,0.26717091046795577
30181290347,672241,2024-12-16,-0.23277391262570596
30181290347,672241,2024-12-23,-0.2328680903583809
30181290347,672241,2024-12-30,-0.23294604873457186
30181290347,672241,2025-01-06,-0.23300876385136843
30181290347,672241,2025-01-13,-0.23305721562913684
30181290347,672241,2025-01-20,-0.23309017998087342
30181290347,672241,2025-01-27,-0.23311220388230136
30181290347,672241,2025-02-03,-0.23312612799805624
30181290347,672241,2025-02-10,-0.23313011581974996
30181290347,672241,2025-02-17,-0.2331226424568485
30181290347,672241,2025-02-24,-0.2331072646782376
30181290347,672241,2025-03-03,-0.23308671660038732
30182210325,672241,2024-11-25,-0.2884496460222001
30182210325,672241,2024-12-02,-0.2884518264017327
30182210325,672241,2024-12-09,-0.28845412824759853
30182210325,672241,2024-12-16,-0.2884556675330217
30182210325,672241,2024-12-23,-0.28845723590844524
30182210325,672241,2024-12-30,-0.2884583712509314
30182210325,672241,2025-01-06,-0.2884594045670575
30182210325,672241,2025-01-13,-0.2884602408290625
30182210325,672241,2025-01-20,-0.28846087931870545
30182210325,672241,2025-01-27,-0.288461292304909
30182210325,672241,2025-02-03,-0.28846146502184233
30182210325,672241,2025-02-10,-0.288461651304352
30182210325,672241,2025-02-17,-0.28846162257891
30182210325,672241,2025-02-24,-0.2884614963376524
30182210325,672241,2025-03-03,-0.28846133558689
30227761388,672241,2024-11-25,0.35555743374239984
30227761388,672241,2024-12-02,-0.14443307497182103
30227761388,672241,2024-12-09,-0.1443931464785756
30227761388,672241,2024-12-16,-0.14437611343592133
30227761388,672241,2024-12-23,-0.14437752719773556
30227761388,672241,2024-12-30,-0.14439222920553785
30227761388,672241,2025-01-06,-0.14441677712727105
30227761388,672241,2025-01-13,-0.14444723393321482
30227761388,672241,2025-01-20,-0.14448037086627732
30227761388,672241,2025-01-27,-0.14451373220772404
30227761388,672241,2025-02-03,-0.14454547731464046
30227761388,672241,2025-02-10,-0.14457544220124063
30227761388,672241,2025-02-17,-0.1446025398439244
30227761388,672241,2025-02-24,-0.1446262698120484
30227761388,672241,2025-03-03,-0.14464821677060852
30227761828,672241,2024-11-25,1.7530078234858983
30227761828,672241,2024-12-02,-0.7304606798615292
30227761828,672241,2024-12-09,1.2852019635945178
30227761828,672241,2024-12-16,2.2999986564495627
30227761828,672241,2024-12-23,-1.1862207556510307
30227761828,672241,2024-12-30,0.32678847532008604
30227761828,672241,2025-01-06,0.338865704464023
30227761828,672241,2025-01-13,-0.14996603136451855
30227761828,672241,2025-01-20,0.8603335411122549
30227761828,672241,2025-01-27,4.369797681437491
30227761828,672241,2025-02-03,-1.12184185080427
30227761828,672241,2025-02-10,-0.11427012981174064
30227761828,672241,2025-02-17,-0.10752963046911311
30227761828,672241,2025-02-24,-0.10174796524359103
30227761828,672241,2025-03-03,-1.096824639268225
30227763865,672241,2024-11-25,2.163342099229138
30227763865,672241,2024-12-02,0.6633416004837345
30227763865,672241,2024-12-09,0.6633536995226734
30227763865,672241,2024-12-16,0.6633594899517157
30227763865,672241,2024-12-23,0.6633621761756278
30227763865,672241,2024-12-30,0.6633637087180232
30227763865,672241,2025-01-06,0.663364471775691
30227763865,672241,2025-01-13,0.6633646833959101
30227763865,672241,2025-01-20,0.6633649279874227
30227763865,672241,2025-01-27,0.6633655774655874
30227763865,672241,2025-02-03,0.6633664573970737
30227763865,672241,2025-02-10,0.6633668267981598
30227763865,672241,2025-02-17,0.6633672260021504
30227763865,672241,2025-02-24,0.6633662110091537
30227763865,672241,2025-03-03,0.6633655802943933
30227764388,672241,2024-11-25,-0.011223379377957088
30227764388,672241,2024-12-02,0.5362137313034971
30227764388,672241,2024-12-09,-0.01367410316225208
30227764388,672241,2024-12-16,0.4354186908927159
30227764388,672241,2024-12-23,-0.01781612075657911
30227764388,672241,2024-12-30,0.5295024002096037
30227764388,672241,2025-01-06,0.5284922292535762
30227764388,672241,2025-01-13,-0.02113314436147183
30227764388,672241,2025-01-20,-0.022921624695451837
30227764388,672241,2025-01-27,-0.02453417629038196
30227764388,672241,2025-02-03,-0.02601656192461302
30227764388,672241,2025-02-10,-0.027422056731437355
30227764388,672241,2025-02-17,0.42241704250400475
30227764388,672241,2025-02-24,-0.030282767967675067
30227764388,672241,2025-03-03,-0.030576786771082304
30227765347,672241,2024-11-25,-0.05853326577785112
30227765347,672241,2024-12-02,-0.05847404684417069
30227765347,672241,2024-12-09,0.9415837889119995
30227765347,672241,2024-12-16,-0.05835986776719866
30227765347,672241,2024-12-23,0.44162298561850266
30227765347,672241,2024-12-30,-0.05824815206997985
30227765347,672241,2025-01-06,-0.0582363783614874
30227765347,672241,2025-01-13,-0.0582272819572765
30227765347,672241,2025-01-20,-0.058219477644176926
30227765347,672241,2025-01-27,-0.058215242350715804
30227765347,672241,2025-02-03,-0.05821460291525134
30227765347,672241,2025-02-10,-0.05821765278855302
30227765347,672241,2025-02-17,-0.058224328899622924
30227765347,672241,2025-02-24,-0.058228157864003
30227765347,672241,2025-03-03,-0.05823357565711286
30227766812,672241,2024-11-25,0.26393578808377616
30227766812,672241,2024-12-02,0.30417582220934924
30227766812,672241,2024-12-09,0.3061049772404043
30227766812,672241,2024-12-16,0.31194651149570857
30227766812,672241,2024-12-23,0.30995767638756605
30227766812,672241,2024-12-30,0.31383729561960644
30227766812,672241,2025-01-06,0.3138018225811206
30227766812,672241,2025-01-13,0.31572260915917555
30227766812,672241,2025-01-20,0.3176435792497452
30227766812,672241,2025-01-27,0.32152082488790035
30227766812,672241,2025-02-03,0.32148297945978593
30227766812,672241,2025-02-10,0.32340140537080375
30227766812,672241,2025-02-17,1.3233639268268382
30227766812,672241,2025-02-24,0.30808639093991597
30227766812,672241,2025-03-03,0.204652943366576
30227767831,672241,2024-11-25,2.441022725211558
30227767831,672241,2024-12-02,-0.058301656708917515
30227767831,672241,2024-12-09,-0.05832170070230544
30227767831,672241,2024-12-16,-0.058439119139780116
30227767831,672241,2024-12-23,-0.05862721827004713
30227767831,672241,2024-12-30,-0.05886467824748112
30227767831,672241,2025-01-06,-0.05912852564222054
30227767831,672241,2025-01-13,-0.05940586220697272
30227767831,672241,2025-01-20,-0.0596862942132467
30227767831,672241,2025-01-27,0.44026424617573556
30227767831,672241,2025-02-03,-0.06021562193332965
30227767831,672241,2025-02-10,-0.06047222481323683
30227767831,672241,2025-02-17,-0.06069180372816867
30227767831,672241,2025-02-24,-0.06086110440945808
30227767831,672241,2025-03-03,0.43923663881796043
30227768349,672241,2024-11-25,0.8810371444087639
30227768349,672241,2024-12-02,0.8805614864823397
30227768349,672241,2024-12-09,0.8820248262499568
30227768349,672241,2024-12-16,0.3821054095404328
30227768349,672241,2024-12-23,0.3827120892491323
30227768349,672241,2024-12-30,0.3833547321579814
30227768349,672241,2025-01-06,0.3840258027566016
30227768349,672241,2025-01-13,0.38471987922235684
30227768349,672241,2025-01-20,0.3854470311511489
30227768349,672241,2025-01-27,0.38619733830296177
30227768349,672241,2025-02-03,0.886458226319379
30227768349,672241,2025-02-10,0.8871525229265256
30227768349,672241,2025-02-17,0.38832476823609574
30227768349,672241,2025-02-24,0.3890172467835859
30227768349,672241,2025-03-03,1.388679858417032
30227768888,672241,2024-11-25,-0.0002176534330037283
30227768888,672241,2024-12-02,-0.0004372225004806718
30227768888,672241,2024-12-09,-0.0006157837155544854
30227768888,672241,2024-12-16,-0.0007252283927515202
30227768888,672241,2024-12-23,-0.0008172818298730067
30227768888,672241,2024-12-30,-0.0009090288301331073
30227768888,672241,2025-01-06,-0.0009996264788169618
30227768888,672241,2025-01-13,-0.001076245086696459
30227768888,672241,2025-01-20,-0.0011051956484888215
30227768888,672241,2025-01-27,-0.0011106238356441422
30227768888,672241,2025-02-03,-0.0010835568232356318
30227768888,672241,2025-02-10,-0.0010423350054161729
30227768888,672241,2025-02-17,-0.0009659192763287749
30227768888,672241,2025-02-24,-0.0008953148485448814
30227768888,672241,2025-03-03,-0.0008319936522163118
30227769326,672241,2024-11-25,-0.618624863172779
30227769326,672241,2024-12-02,-0.10146525436273529
30227769326,672241,2024-12-09,1.414999184304006
30227769326,672241,2024-12-16,-0.5692555595012353
30227769326,672241,2024-12-23,-0.05416818514199089
30227769326,672241,2024-12-30,1.9602582840846592
30227769326,672241,2025-01-06,-0.526022924845624
30227769326,672241,2025-01-13,-0.5129519089652341
30227769326,672241,2025-01-20,-0.5005445718951341
30227769326,672241,2025-01-27,0.5112056527203237
30227769326,672241,2025-02-03,1.0222845501133535
30227769326,672241,2025-02-10,0.0326821202855912
30227769326,672241,2025-02-17,-0.9575901485136018
30227769326,672241,2025-02-24,-0.9485245603967639
30227769326,672241,2025-03-03,-0.940132377125492
30227769849,672241,2024-11-25,0.6147823319701552
30227769849,672241,2024-12-02,0.11471536760634253
30227769849,672241,2024-12-09,0.6154930278812892
30227769849,672241,2024-12-16,0.6151364308246066
30227769849,672241,2024-12-23,0.11592262160777413
30227769849,672241,2024-12-30,1.1154524248657696
30227769849,672241,2025-01-06,0.11642270487920527
30227769849,672241,2025-01-13,0.616134987716823
30227769849,672241,2025-01-20,0.11656768639861942
30227769849,672241,2025-01-27,0.11658130974455039
30227769849,672241,2025-02-03,1.1157556741857522
30227769849,672241,2025-02-10,0.11635892062661982
30227769849,672241,2025-02-17,0.616537455976909
30227769849,672241,2025-02-24,0.11599837792357334
30227769849,672241,2025-03-03,0.11587980676067824
30323747828,672241,2024-11-25,-0.30770492577908387
30323747828,672241,2024-12-02,-0.3170121354944428
30323747828,672241,2024-12-09,-0.32618680860110444
30323747828,672241,2024-12-16,-0.3352291851424073
30323747828,672241,2024-12-23,0.15586086643058708
30323747828,672241,2024-12-30,-0.3529186608303364
30323747828,672241,2025-01-06,-0.36156598176473326
30323747828,672241,2025-01-13,-0.3700809834779867
30323747828,672241,2025-01-20,-0.37846361968891096
30323747828,672241,2025-01-27,-0.38671422765331553
30323747828,672241,2025-02-03,-0.39483271629137817
30323747828,672241,2025-02-10,-0.4028193487792166
30323747828,672241,2025-02-17,-0.41067398038896286
30323747828,672241,2025-02-24,-0.41839684522593823
30323747828,672241,2025-03-03,-0.425987994297401
30323761316,672241,2024-11-25,0.06583798013432872
30323761316,672241,2024-12-02,1.0658621121805751
30323761316,672241,2024-12-09,0.06586723736810507
30323761316,672241,2024-12-16,0.0658647931877462
30323761316,672241,2024-12-23,0.5658620940339242
30323761316,672241,2024-12-30,0.06585727960430632
30323761316,672241,2025-01-06,0.06585371090495412
30323761316,672241,2025-01-13,0.06585341808433257
30323761316,672241,2025-01-20,0.06585514412597078
30323761316,672241,2025-01-27,0.06585727862885259
30323761316,672241,2025-02-03,0.06585909461388155
30323761316,672241,2025-02-10,0.06585979748424911
30323761316,672241,2025-02-17,0.06585931662473216
30323761316,672241,2025-02-24,0.06585753973170547
30323761316,672241,2025-03-03,0.06585494635367697
30323764884,672241,2024-11-25,-0.09726827691721934
30323764884,672241,2024-12-02,-0.09730971961341625
30323764884,672241,2024-12-09,-0.09734454984974725
30323764884,672241,2024-12-16,-0.09736434875348915
30323764884,672241,2024-12-23,-0.09742403487080192
30323764884,672241,2024-12-30,0.9025145462548754
30323764884,672241,2025-01-06,-0.09749735631636522
30323764884,672241,2025-01-13,-0.09751222050096148
30323764884,672241,2025-01-20,-0.09756640740096634
30323764884,672241,2025-01-27,-0.09759972295949257
30323764884,672241,2025-02-03,-0.09761565391644314
30323764884,672241,2025-02-10,-0.09762383695841592
30323764884,672241,2025-02-17,-0.09762951355125837
30323764884,672241,2025-02-24,-0.09763740249353889
30323764884,672241,2025-03-03,-0.09768005391094678
31260538389,672241,2024-11-25,-0.02882351992222845
31260538389,672241,2024-12-02,-0.028827820640874004
31260538389,672241,2024-12-09,-0.02883133428649257
31260538389,672241,2024-12-16,-0.028834102686171263
31260538389,672241,2024-12-23,-0.02883614221700024
31260538389,672241,2024-12-30,-0.028837518519994543
31260538389,672241,2025-01-06,-0.028838275834327104
31260538389,672241,2025-01-13,-0.028838422860770162
31260538389,672241,2025-01-20,-0.028838030245724608
31260538389,672241,2025-01-27,-0.028837101353094887
31260538389,672241,2025-02-03,-0.02883567173948675
31260538389,672241,2025-02-10,-0.02883394067297782
31260538389,672241,2025-02-17,-0.028831863841612498
31260538389,672241,2025-02-24,-0.02882940956036579
31260538389,672241,2025-03-03,-0.028826747223934465
31260608522,672241,2024-11-25,-0.04491653562042211
31260608522,672241,2024-12-02,-0.055125801522788204
31260608522,672241,2024-12-09,0.9347982286495117
31260608522,672241,2024-12-16,0.4248585080119675
31260608522,672241,2024-12-23,0.4150503621869966
31260608522,672241,2024-12-30,0.9053780889718284
31260608522,672241,2025-01-06,-0.1041677066279551
31260608522,672241,2025-01-13,-0.11357597795649085
31260608522,672241,2025-01-20,-0.12284965538676115
31260608522,672241,2025-01-27,-0.13198870020434147
31260608522,672241,2025-02-03,-0.14099290636278783
31260608522,672241,2025-02-10,-0.14986229011586638
31260608522,672241,2025-02-17,-0.15859668912306202
31260608522,672241,2025-02-24,-0.1671963094433321
31260608522,672241,2025-03-03,-0.17566111610745974
31298226737,672241,2024-11-25,0.14328024197554598
31298226737,672241,2024-12-02,8.6173417284961
31298226737,672241,2024-12-09,0.09210349040392894
31298226737,672241,2024-12-16,0.06728205016043103
31298226737,672241,2024-12-23,0.04299363797215765
31298226737,672241,2024-12-30,0.019236808540146366
31298226737,672241,2025-01-06,-0.003991562313577494
31298226737,672241,2025-01-13,-0.026692764978999514
31298226737,672241,2025-01-20,-0.04886829164465637
31298226737,672241,2025-01-27,-0.07052090948148498
31298226737,672241,2025-02-03,-0.09164941096151517
31298226737,672241,2025-02-10,-0.1122556906745524
31298226737,672241,2025-02-17,-0.13233915309724192
31298226737,672241,2025-02-24,-0.15190166027442925
31298226737,672241,2025-03-03,-0.17094226696654588
31299041897,672241,2024-11-25,-0.08654155335766361
31299041897,672241,2024-12-02,-0.08654154490246141
31299041897,672241,2024-12-09,-0.08654154430306497
31299041897,672241,2024-12-16,-0.08654152347768988
31299041897,672241,2024-12-23,-0.0865414834268205
31299041897,672241,2024-12-30,-0.0865414467064457
31299041897,672241,2025-01-06,-0.08654140494430473
31299041897,672241,2025-01-13,-0.0865413716281833
31299041897,672241,2025-01-20,-0.08654132921694394
31299041897,672241,2025-01-27,-0.0865412912164423
31299041897,672241,2025-02-03,-0.08654126660682021
31299041897,672241,2025-02-10,-0.08654124373078079
31299041897,672241,2025-02-17,-0.08654120957435804
31299041897,672241,2025-02-24,-0.08654117488070963
31299041897,672241,2025-03-03,-0.08654115077610032
31305483427,672241,2024-11-25,0.7692710649620238
31305483427,672241,2024-12-02,1.2692476514555129
31305483427,672241,2024-12-09,-0.23076712541519767
31305483427,672241,2024-12-16,-0.2307740839341834
31305483427,672241,2024-12-23,-0.23077902151076607
31305483427,672241,2024-12-30,-0.23078234219960506
31305483427,672241,2025-01-06,1.2692106681893651
31305483427,672241,2025-01-13,-0.23078995324867993
31305483427,672241,2025-01-20,-0.23079464022320317
31305483427,672241,2025-01-27,-0.23079756026518203
31305483427,672241,2025-02-03,0.2691954553255993
31305483427,672241,2025-02-10,0.7692060838800482
31305483427,672241,2025-02-17,0.7692032259158637
31305483427,672241,2025-02-24,-0.23078693495338928
31305483427,672241,2025-03-03,-0.23077521675501061
31306190523,672241,2024-11-25,-0.11515813695209089
31306190523,672241,2024-12-02,-0.11518191776142724
31306190523,672241,2024-12-09,-0.11519955831477825
31306190523,672241,2024-12-16,0.3845522679400659
31306190523,672241,2024-12-23,0.38449212030478397
31306190523,672241,2024-12-30,0.3843839460059814
31306190523,672241,2025-01-06,0.38470092346664164
31306190523,672241,2025-01-13,0.384605847159315
31306190523,672241,2025-01-20,-0.11566600839184407
31306190523,672241,2025-01-27,0.8843038901781961
31306190523,672241,2025-02-03,0.38451617158876517
31306190523,672241,2025-02-10,0.8843154641544297
31306190523,672241,2025-02-17,-0.11564373810540621
31306190523,672241,2025-02-24,-0.11559295734827403
31306190523,672241,2025-03-03,0.38470067362296345
31307128374,672241,2024-11-25,0.0
31307128374,672241,2024-12-02,0.0
31307128374,672241,2024-12-09,0.0
31307128374,672241,2024-12-16,0.0
31307128374,672241,2024-12-23,0.0
31307128374,672241,2024-12-30,0.0
31307128374,672241,2025-01-06,0.0
31307128374,672241,2025-01-13,0.0
31307128374,672241,2025-01-20,0.0
31307128374,672241,2025-01-27,0.0
31307128374,672241,2025-02-03,0.0
31307128374,672241,2025-02-10,0.0
31307128374,672241,2025-02-17,0.0
31307128374,672241,2025-02-24,0.0
31307128374,672241,2025-03-03,0.0
31307219296,672241,2024-11-25,0.0
31307219296,672241,2024-12-02,0.0
31307219296,672241,2024-12-09,0.0
31307219296,672241,2024-12-16,0.0
31307219296,672241,2024-12-23,0.0
31307219296,672241,2024-12-30,0.0
31307219296,672241,2025-01-06,0.0
31307219296,672241,2025-01-13,0.0
31307219296,672241,2025-01-20,0.0
31307219296,672241,2025-01-27,0.0
31307219296,672241,2025-02-03,0.0
31307219296,672241,2025-02-10,0.0
31307219296,672241,2025-02-17,0.0
31307219296,672241,2025-02-24,0.0
31307219296,672241,2025-03-03,0.0
31315209729,672241,2024-11-25,0.516464256585089
31315209729,672241,2024-12-02,0.016364648582935237
31315209729,672241,2024-12-09,0.5162718666088387
31315209729,672241,2024-12-16,1.5162684588240558
31315209729,672241,2024-12-23,1.5163765779646758
31315209729,672241,2024-12-30,1.5164246443480067
31315209729,672241,2025-01-06,0.016528631155701717
31315209729,672241,2025-01-13,0.016489916250628178
31315209729,672241,2025-01-20,0.5165026684119796
31315209729,672241,2025-01-27,0.01643941355525745
31315209729,672241,2025-02-03,-1.4834086611171173
31315209729,672241,2025-02-10,2.0163857846511375
31315209729,672241,2025-02-17,2.0163604342272126
31315209729,672241,2025-02-24,0.01635998839555715
31315209729,672241,2025-03-03,0.01617876262740614
31376582820,672241,2024-11-25,0.0008365523253885919
31376582820,672241,2024-12-02,0.000729416466864842
31376582820,672241,2024-12-09,0.0006286365331985531
31376582820,672241,2024-12-16,0.0005357499481971686
31376582820,672241,2024-12-23,0.0004508037391410119
31376582820,672241,2024-12-30,0.0003737740798699374
31376582820,672241,2025-01-06,0.0003045461930153877
31376582820,672241,2025-01-13,0.0002431060513764481
31376582820,672241,2025-01-20,0.5002781476674333
31376582820,672241,2025-01-27,9.863685206629169e-05
31376582820,672241,2025-02-03,1.4914434383471453e-05
31376582820,672241,2025-02-10,-6.127262040749384e-05
31376582820,672241,2025-02-17,-0.00013007128797059772
31376582820,672241,2025-02-24,-0.00019156627152736028
31376582820,672241,2025-03-03,-0.0002459258700431774
31376614032,672241,2024-11-25,2.1707949784687868
31376614032,672241,2024-12-02,-0.3528658165775972
31376614032,672241,2024-12-09,-0.3760999297204687
31376614032,672241,2024-12-16,-0.3988636258794945
31376614032,672241,2024-12-23,0.07883716326493062
31376614032,672241,2024-12-30,-0.4429715047354391
31376614032,672241,2025-01-06,-0.4643134825837809
31376614032,672241,2025-01-13,-0.48518084374507964
31376614032,672241,2025-01-20,-0.5055739707391198
31376614032,672241,2025-01-27,-0.5254930783855314
31376614032,672241,2025-02-03,-0.544938782491347
31376614032,672241,2025-02-10,-0.5639115102321929
31376614032,672241,2025-02-17,-0.5824114122735584
31376614032,672241,2025-02-24,-0.6004389078708536
31376614032,672241,2025-03-03,-0.617994236711274
31603725134,672241,2024-11-25,-6.323110471571539
31603725134,672241,2024-12-02,-2.8227428046570298
31603725134,672241,2024-12-09,-5.822576448138677
31603725134,672241,2024-12-16,-6.3223728682582045
31603725134,672241,2024-12-23,-7.322140210829609
31603725134,672241,2024-12-30,-7.3220395376999345
31603725134,672241,2025-01-06,-7.32169298597656
31603725134,672241,2025-01-13,-7.321377417290093
31603725134,672241,2025-01-20,-7.32119071812258
31603725134,672241,2025-01-27,-6.821184338078206
31603725134,672241,2025-02-03,-6.820883989961834
31603725134,672241,2025-02-10,-7.320677488774561
31603725134,672241,2025-02-17,-5.820381442164701
31603725134,672241,2025-02-24,-6.820167338168778
31603725134,672241,2025-03-03,-6.819848423605908
31698186711,672241,2024-11-25,-0.39742189668219263
31698186711,672241,2024-12-02,-0.3974907818343952
31698186711,672241,2024-12-09,0.10249849228283973
31698186711,672241,2024-12-16,0.1024187712379441
31698186711,672241,2024-12-23,-0.39753128051185993
31698186711,672241,2024-12-30,0.6024165991953208
31698186711,672241,2025-01-06,-0.3975041204765141
31698186711,672241,2025-01-13,-0.3974816355805245
31698186711,672241,2025-01-20,-0.39744913030778706
31698186711,672241,2025-01-27,0.10261443747464391
31698186711,672241,2025-02-03,0.10264153684205733
31698186711,672241,2025-02-10,0.10266547063748095
31698186711,672241,2025-02-17,0.10268624971615445
31698186711,672241,2025-02-24,-0.39733514872531145
31698186711,672241,2025-03-03,-0.39733850217778977
32527221461,672241,2024-11-25,-0.002284419304845804
32527221461,672241,2024-12-02,-0.00219010316304024
32527221461,672241,2024-12-09,-0.0021013919127284286
32527221461,672241,2024-12-16,-0.002018994268424598
32527221461,672241,2024-12-23,-0.0019411684494299447
32527221461,672241,2024-12-30,-0.0018663182760603053
32527221461,672241,2025-01-06,-0.0017953449657352669
32527221461,672241,2025-01-13,-0.0017276987080502154
32527221461,672241,2025-01-20,-0.0016630347714332583
32527221461,672241,2025-01-27,-0.0016009038319508007
32527221461,672241,2025-02-03,-0.0015381914435308383
32527221461,672241,2025-02-10,-0.0014765759612481721
32527221461,672241,2025-02-17,-0.0014177798337638783
32527221461,672241,2025-02-24,-0.0013600835147729584
32527221461,672241,2025-03-03,-0.0013022774997674125
32527222047,672241,2024-11-25,0.9985002420398548
32527222047,672241,2024-12-02,0.9979162090601607
32527222047,672241,2024-12-09,0.9974291186526325
32527222047,672241,2024-12-16,0.9966996570551
32527222047,672241,2024-12-23,0.49576113924972476
32527222047,672241,2024-12-30,0.49484703095202054
32527222047,672241,2025-01-06,0.9942506996333706
32527222047,672241,2025-01-13,0.49398297238160427
32527222047,672241,2025-01-20,0.493819839773209
32527222047,672241,2025-01-27,1.4937574328847227
32527222047,672241,2025-02-03,1.4937851365268684
32527222047,672241,2025-02-10,0.9939023831865131
32527222047,672241,2025-02-17,0.9939228213141716
32527222047,672241,2025-02-24,0.4938818806365799
32527222047,672241,2025-03-03,0.4939916381693441
32527222347,672241,2024-11-25,0.2888369192201357
32527222347,672241,2024-12-02,0.2887305198812835
32527222347,672241,2024-12-09,0.7886665435406376
32527222347,672241,2024-12-16,0.2884895149475433
32527222347,672241,2024-12-23,0.2884025065887575
32527222347,672241,2024-12-30,0.7884067211710285
32527222347,672241,2025-01-06,0.28831651460473906
32527222347,672241,2025-01-13,0.28831667841810876
32527222347,672241,2025-01-20,0.28832067755338625
32527222347,672241,2025-01-27,0.28832403049545147
32527222347,672241,2025-02-03,0.2883238621423025
32527222347,672241,2025-02-10,0.28832253913631267
32527222347,672241,2025-02-17,0.2883153891854626
32527222347,672241,2025-02-24,0.2882935182613651
32527222347,672241,2025-03-03,0.2882611266874333
32643461542,672241,2024-11-25,0.2973029726935911
32643461542,672241,2024-12-02,0.7974051875691163
32643461542,672241,2024-12-09,0.29726815732998724
32643461542,672241,2024-12-16,0.79735253493431
32643461542,672241,2024-12-23,-0.20273932805738593
32643461542,672241,2024-12-30,-0.20274486745861678
32643461542,672241,2025-01-06,-0.20274305649460603
32643461542,672241,2025-01-13,0.297227178134984
32643461542,672241,2025-01-20,-0.2027242064996157
32643461542,672241,2025-01-27,2.79704334562068
32643461542,672241,2025-02-03,0.2971760164362576
32643461542,672241,2025-02-10,-0.2028653109996555
32643461542,672241,2025-02-17,-0.20293560905851726
32643461542,672241,2025-02-24,-0.20299488846505734
32643461542,672241,2025-03-03,-0.2030447211820607
32644385273,672241,2024-11-25,0.40384409389473885
32644385273,672241,2024-12-02,0.40384410308601093
32644385273,672241,2024-12-09,0.40384418399367306
32644385273,672241,2024-12-16,0.9038442905496766
32644385273,672241,2024-12-23,0.9038441945597445
32644385273,672241,2024-12-30,0.40384417580989856
32644385273,672241,2025-01-06,0.4038441035655069
32644385273,672241,2025-01-13,2.9038437637339456
32644385273,672241,2025-01-20,1.4038440864878359
32644385273,672241,2025-01-27,1.4038439833785095
32644385273,672241,2025-02-03,0.4038441865065209
32644385273,672241,2025-02-10,0.9038440723225627
32644385273,672241,2025-02-17,0.40384404252150163
32644385273,672241,2025-02-24,0.4038441523609554
32644385273,672241,2025-03-03,0.4038440209010416
32644501966,672241,2024-11-25,0.2692318807744417
32644501966,672241,2024-12-02,-0.23065130461679004
32644501966,672241,2024-12-09,-0.2306449689834794
32644501966,672241,2024-12-16,0.7691489864612069
32644501966,672241,2024-12-23,-0.2306333603346903
32644501966,672241,2024-12-30,0.26926294978256465
32644501966,672241,2025-01-06,-0.2306298542983662
32644501966,672241,2025-01-13,0.2694750497877088
32644501966,672241,2025-01-20,-0.23063494893925102
32644501966,672241,2025-01-27,0.7693593061783891
32644501966,672241,2025-02-03,0.7691374232600746
32644501966,672241,2025-02-10,0.26923215037980885
32644501966,672241,2025-02-17,0.26943491272142356
32644501966,672241,2025-02-24,0.26942791715890096
32644501966,672241,2025-03-03,-0.23068265450128256
32644518750,672241,2024-11-25,-0.8950470627543098
32644518750,672241,2024-12-02,-0.8949475405878718
32644518750,672241,2024-12-09,-0.39488013629447427
32644518750,672241,2024-12-16,-0.39476684373168136
32644518750,672241,2024-12-23,-0.3947425041471317
32644518750,672241,2024-12-30,-0.8946823139915194
32644518750,672241,2025-01-06,-0.8946675095896361
32644518750,672241,2025-01-13,-0.8946728895848841
32644518750,672241,2025-01-20,-0.39467016466526617
32644518750,672241,2025-01-27,-0.8947130368797456
32644518750,672241,2025-02-03,-0.3947217484971317
32644518750,672241,2025-02-10,0.10527830373083341
32644518750,672241,2025-02-17,-0.394734604175916
32644518750,672241,2025-02-24,-0.8947396077810817
32644518750,672241,2025-03-03,0.1053180150341636
32746043597,672241,2024-11-25,0.1465596650696685
32746043597,672241,2024-12-02,0.14655271143086113
32746043597,672241,2024-12-09,0.14653788147360353
32746043597,672241,2024-12-16,0.14652258375280663
32746043597,672241,2024-12-23,0.1465095766567291
32746043597,672241,2024-12-30,0.14649957835282876
32746043597,672241,2025-01-06,0.1464920050701674
32746043597,672241,2025-01-13,0.146487105238237
32746043597,672241,2025-01-20,0.14648556196547985
32746043597,672241,2025-01-27,0.1464863526328647
32746043597,672241,2025-02-03,0.14648985260099506
32746043597,672241,2025-02-10,0.14649510536857413
32746043597,672241,2025-02-17,0.14649947790442724
32746043597,672241,2025-02-24,0.1465005542891581
32746043597,672241,2025-03-03,0.14649592172162143
32812905448,672241,2024-11-25,0.12504820132874186
32812905448,672241,2024-12-02,-0.3749272453481636
32812905448,672241,2024-12-09,0.12509895737715276
32812905448,672241,2024-12-16,-0.37494267931780884
32812905448,672241,2024-12-23,-0.3749486888297963
32812905448,672241,2024-12-30,-0.3749534519456206
32812905448,672241,2025-01-06,-0.37495758336989216
32812905448,672241,2025-01-13,-0.37496055755834806
32812905448,672241,2025-01-20,-0.37496242196167806
32812905448,672241,2025-01-27,-0.37496187539904313
32812905448,672241,2025-02-03,-0.3749603027824998
32812905448,672241,2025-02-10,-0.37495848799885556
32812905448,672241,2025-02-17,-0.3749550115841582
32812905448,672241,2025-02-24,-0.37495139139784933
32812905448,672241,2025-03-03,0.6251208583384332
32815784212,672241,2024-11-25,-0.0868610362940295
32815784212,672241,2024-12-02,-0.08645097187548724
32815784212,672241,2024-12-09,-0.08621572371582462
32815784212,672241,2024-12-16,-0.08608703824001437
32815784212,672241,2024-12-23,-0.08602179271599766
32815784212,672241,2024-12-30,-0.08599223748850648
32815784212,672241,2025-01-06,-0.08598405687120672
32815784212,672241,2025-01-13,-0.08598936726888584
32815784212,672241,2025-01-20,-0.08600411335016978
32815784212,672241,2025-01-27,-0.08602624522937649
32815784212,672241,2025-02-03,-0.08605157307596693
32815784212,672241,2025-02-10,-0.08607682101904504
32815784212,672241,2025-02-17,-0.08609846504846863
32815784212,672241,2025-02-24,-0.08611599386261906
32815784212,672241,2025-03-03,-0.08613254673747081
33252040650,672241,2024-11-25,0.836610611448897
33252040650,672241,2024-12-02,-0.16347079385823465
33252040650,672241,2024-12-09,-0.16351272956848956
33252040650,672241,2024-12-16,-0.16350685696885983
33252040650,672241,2024-12-23,-0.16348450369452874
33252040650,672241,2024-12-30,-0.6634401896891073
33252040650,672241,2025-01-06,-0.16344159672169162
33252040650,672241,2025-01-13,-0.16339140017010528
33252040650,672241,2025-01-20,-0.6633987748453924
33252040650,672241,2025-01-27,-0.16341098340310542
33252040650,672241,2025-02-03,-0.6633998724647894
33252040650,672241,2025-02-10,-0.6634154665437317
33252040650,672241,2025-02-17,-0.6634273292048896
33252040650,672241,2025-02-24,-0.16346015733185904
33252040650,672241,2025-03-03,-0.6634588741433117
33258093744,672241,2024-11-25,-0.13144947508179838
33258093744,672241,2024-12-02,-0.23977858327337534
33258093744,672241,2024-12-09,-0.17384769726779478
33258093744,672241,2024-12-16,-0.23838981488190375
33258093744,672241,2024-12-23,0.7667759450759807
33258093744,672241,2024-12-30,1.719226226849174
33258093744,672241,2025-01-06,-0.267553740814789
33258093744,672241,2025-01-13,0.7545944927382032
33258093744,672241,2025-01-20,-0.24917814422720458
33258093744,672241,2025-01-27,2.6862840490681377
33258093744,672241,2025-02-03,-0.1780824467686583
33258093744,672241,2025-02-10,-0.24262978436422403
33258093744,672241,2025-02-17,-0.2106696848490231
33258093744,672241,2025-02-24,-0.19657563676984363
33258093744,672241,2025-03-03,-0.22626379615142758
33258116228,672241,2024-11-25,1.917207494952804
33258116228,672241,2024-12-02,0.9171627366823362
33258116228,672241,2024-12-09,-0.0831347373851564
33258116228,672241,2024-12-16,0.41717930922988455
33258116228,672241,2024-12-23,-0.5830921780201037
33258116228,672241,2024-12-30,-0.5829299850559077
33258116228,672241,2025-01-06,-0.08296358523624517
33258116228,672241,2025-01-13,-0.0829702702835472
33258116228,672241,2025-01-20,0.41704328555835557
33258116228,672241,2025-01-27,-0.583175023324537
33258116228,672241,2025-02-03,0.4169505343877127
33258116228,672241,2025-02-10,-0.08325426965710073
33258116228,672241,2025-02-17,0.9164701378522365
33258116228,672241,2025-02-24,-0.583395375294842
33258116228,672241,2025-03-03,-0.5834520174006859
33258136093,672241,2024-11-25,-0.549008982687268
33258136093,672241,2024-12-02,-0.04860740639733487
33258136093,672241,2024-12-09,-0.04837373493709751
33258136093,672241,2024-12-16,-0.04823122859762714
33258136093,672241,2024-12-23,-0.5482250993113609
33258136093,672241,2024-12-30,0.9517949545238904
33258136093,672241,2025-01-06,-0.5482570566673223
33258136093,672241,2025-01-13,-0.04827832576492675
33258136093,672241,2025-01-20,0.45164030484789924
33258136093,672241,2025-01-27,-0.04840297909179651
33258136093,672241,2025-02-03,0.4514979221662845
33258136093,672241,2025-02-10,-0.04856143248401183
33258136093,672241,2025-02-17,-0.04863318128044404
33258136093,672241,2025-02-24,-0.048673142413698904
33258136093,672241,2025-03-03,0.45128194814259737
33300624449,672241,2024-11-25,-1.836333016995347
33300624449,672241,2024-12-02,-1.3362450118155254
33300624449,672241,2024-12-09,-0.8361993674124756
33300624449,672241,2024-12-16,-1.3361775629811585
33300624449,672241,2024-12-23,-1.3361454827800692
33300624449,672241,2024-12-30,-1.8361032346362554
33300624449,672241,2025-01-06,-1.8360570164570658
33300624449,672241,2025-01-13,-1.8360093829578314
33300624449,672241,2025-01-20,-1.3359670436761721
33300624449,672241,2025-01-27,-0.8359705267640254
33300624449,672241,2025-02-03,-1.836020832629265
33300624449,672241,2025-02-10,-1.3360874591477898
33300624449,672241,2025-02-17,-1.3361706222060468
33300624449,672241,2025-02-24,-1.8362483333703274
33300624449,672241,2025-03-03,-1.8363340873307075
33300985333,672241,2024-11-25,-2.8373982068089125
33300985333,672241,2024-12-02,-4.837268666457981
33300985333,672241,2024-12-09,-4.337144423516802
33300985333,672241,2024-12-16,-2.8371893686606766
33300985333,672241,2024-12-23,-3.337352451112471
33300985333,672241,2024-12-30,-4.8374510660845935
33300985333,672241,2025-01-06,-1.837536413439644
33300985333,672241,2025-01-13,-1.837717028401721
33300985333,672241,2025-01-20,-3.337862426905633
33300985333,672241,2025-01-27,-4.337862433680218
33300985333,672241,2025-02-03,-0.8378514428712169
33300985333,672241,2025-02-10,-2.83800221533092
33300985333,672241,2025-02-17,-2.8381847511913048
33300985333,672241,2025-02-24,-2.8382057872173996
33300985333,672241,2025-03-03,-2.8381426485842787
33571814593,672241,2024-11-25,0.00481431508172786
33571814593,672241,2024-12-02,0.004725329853982996
33571814593,672241,2024-12-09,0.00464377440134639
33571814593,672241,2024-12-16,0.0045797917291155454
33571814593,672241,2024-12-23,0.004467785745187136
33571814593,672241,2024-12-30,0.504359087403325
33571814593,672241,2025-01-06,0.004286332069577847
33571814593,672241,2025-01-13,0.004210016306551934
33571814593,672241,2025-01-20,0.004096464911852782
33571814593,672241,2025-01-27,0.004097951240191577
33571814593,672241,2025-02-03,0.0040892093334330415
33571814593,672241,2025-02-10,1.0040922218496326
33571814593,672241,2025-02-17,1.004126690094027
33571814593,672241,2025-02-24,1.0041901923456813
33571814593,672241,2025-03-03,0.004103510216960926
33750536246,672241,2024-11-25,-0.08654510964425342
33750536246,672241,2024-12-02,-0.0865439383855551
33750536246,672241,2024-12-09,-0.08654276000312355
33750536246,672241,2024-12-16,0.413456826391311
33750536246,672241,2024-12-23,-0.08654154299483904
33750536246,672241,2024-12-30,-0.08654103303147648
33750536246,672241,2025-01-06,-0.08654043934997721
33750536246,672241,2025-01-13,-0.0865397625004917
33750536246,672241,2025-01-20,0.9134579313913094
33750536246,672241,2025-01-27,-0.08654015794281278
33750536246,672241,2025-02-03,-0.08654052088116443
33750536246,672241,2025-02-10,-0.08654072666653553
33750536246,672241,2025-02-17,0.4134576375392145
33750536246,672241,2025-02-24,-0.08654183951501128
33750536246,672241,2025-03-03,-0.08654240997950394
33750578247,672241,2024-11-25,-0.0288583987567249
33750578247,672241,2024-12-02,0.4711392365789358
33750578247,672241,2024-12-09,-0.0288531267254694
33750578247,672241,2024-12-16,-0.02885162363258173
33750578247,672241,2024-12-23,-0.02884999390778792
33750578247,672241,2024-12-30,-0.02884821269497298
33750578247,672241,2025-01-06,-0.02884651436646929
33750578247,672241,2025-01-13,-0.028844776936028244
33750578247,672241,2025-01-20,-0.02884299091558594
33750578247,672241,2025-01-27,0.47115243681256186
33750578247,672241,2025-02-03,-0.028842253076129712
33750578247,672241,2025-02-10,-0.028843398220308236
33750578247,672241,2025-02-17,-0.02884441708956368
33750578247,672241,2025-02-24,-0.0288454375697711
33750578247,672241,2025-03-03,-0.02884649511986946
33750613973,672241,2024-11-25,0.6153659637409976
33750613973,672241,2024-12-02,1.6153705825568458
33750613973,672241,2024-12-09,0.11536604081018342
33750613973,672241,2024-12-16,0.11536748082816883
33750613973,672241,2024-12-23,0.1153698585910446
33750613973,672241,2024-12-30,1.1153653755306179
33750613973,672241,2025-01-06,0.6153709187544032
33750613973,672241,2025-01-13,0.11537521714863697
33750613973,672241,2025-01-20,0.6153720248951207
33750613973,672241,2025-01-27,0.11537595339377771
33750613973,672241,2025-02-03,0.11537598719875641
33750613973,672241,2025-02-10,0.6153801450614665
33750613973,672241,2025-02-17,0.6153739666198237
33750613973,672241,2025-02-24,0.6153741267130219
33750613973,672241,2025-03-03,0.11537660794764454
34126797120,672241,2024-11-25,-23.703157001594455
34126797120,672241,2024-12-02,-55.22228490511457
34126797120,672241,2024-12-09,-71.52881312280795
34126797120,672241,2024-12-16,-107.55838902985481
34126797120,672241,2024-12-23,-135.61038892355788
34126797120,672241,2024-12-30,-150.08042662181808
34126797120,672241,2025-01-06,-186.55545499766401
34126797120,672241,2025-01-13,-197.5850866795165
34126797120,672241,2025-01-20,-227.95149574741913
34126797120,672241,2025-01-27,-222.0346454847972
34126797120,672241,2025-02-03,-266.68993874688334
34126797120,672241,2025-02-10,-288.61441083086436
34126797120,672241,2025-02-17,-315.7267276032507
34126797120,672241,2025-02-24,-337.1861243566782
34126797120,672241,2025-03-03,-344.392260279201
34126805261,672241,2024-11-25,-34.80084406388351
34126805261,672241,2024-12-02,-30.462488674290544
34126805261,672241,2024-12-09,-22.873082354419168
34126805261,672241,2024-12-16,-29.55683946172019
34126805261,672241,2024-12-23,-12.511887983781715
34126805261,672241,2024-12-30,-28.17156008368321
34126805261,672241,2025-01-06,-26.90223971864107
34126805261,672241,2025-01-13,-26.714255697443463
34126805261,672241,2025-01-20,-28.606146178311153
34126805261,672241,2025-01-27,-28.14440258187946
34126805261,672241,2025-02-03,-15.65392263379285
34126805261,672241,2025-02-10,-19.570854887333212
34126805261,672241,2025-02-17,-23.40560781618582
34126805261,672241,2025-02-24,-18.192548027131426
34126805261,672241,2025-03-03,-17.05002206511668
35281682198,672241,2024-11-25,7.682754980015138e-05
35281682198,672241,2024-12-02,7.084140816477486e-05
35281682198,672241,2024-12-09,6.519788768759999e-05
35281682198,672241,2024-12-16,5.9823609899943564e-05
35281682198,672241,2024-12-23,5.4668598229279386e-05
35281682198,672241,2024-12-30,4.9728559085991664e-05
35281682198,672241,2025-01-06,4.496984815575977e-05
35281682198,672241,2025-01-13,4.038466621013315e-05
35281682198,672241,2025-01-20,0.5000318558827423
35281682198,672241,2025-01-27,2.8648699884753492e-05
35281682198,672241,2025-02-03,2.1474922229036686e-05
35281682198,672241,2025-02-10,1.4430968661147126e-05
35281682198,672241,2025-02-17,0.5000115345694902
35281682198,672241,2025-02-24,3.5462518823831113e-06
35281682198,672241,2025-03-03,-3.692474229294307e-07
35414490964,672241,2024-11-25,9.136304900464417
35414490964,672241,2024-12-02,8.635806274902377
35414490964,672241,2024-12-09,8.135527528329316
35414490964,672241,2024-12-16,10.134761149722994
35414490964,672241,2024-12-23,8.13396032834199
35414490964,672241,2024-12-30,9.633323545213651
35414490964,672241,2025-01-06,10.633069511459201
35414490964,672241,2025-01-13,13.632436579789376
35414490964,672241,2025-01-20,13.131954198449304
35414490964,672241,2025-01-27,8.63117724113634
35414490964,672241,2025-02-03,13.630874425002327
35414490964,672241,2025-02-10,14.630280569361647
35414490964,672241,2025-02-17,10.129811461282978
35414490964,672241,2025-02-24,11.629500003264498
35414490964,672241,2025-03-03,13.129439217213395
35418350431,672241,2024-11-25,-2.394994634470904
35418350431,672241,2024-12-02,-2.3948030075553097
35418350431,672241,2024-12-09,-1.8947602199844455
35418350431,672241,2024-12-16,-2.3945975222386275
35418350431,672241,2024-12-23,-2.3945818435990978
35418350431,672241,2024-12-30,-2.394636885928103
35418350431,672241,2025-01-06,-1.3944515088618012
35418350431,672241,2025-01-13,-0.8944827936738411
35418350431,672241,2025-01-20,-2.3946122952017483
35418350431,672241,2025-01-27,-1.3945271906617154
35418350431,672241,2025-02-03,-0.39455676829711117
35418350431,672241,2025-02-10,-0.8949551141693839
35418350431,672241,2025-02-17,-0.8946017569615421
35418350431,672241,2025-02-24,-1.8949629673897008
35418350431,672241,2025-03-03,-2.3948514953457662
35760801349,672241,2024-11-25,5.828439981634139
35760801349,672241,2024-12-02,7.328439949806661
35760801349,672241,2024-12-09,5.828059803235546
35760801349,672241,2024-12-16,5.827744796260895
35760801349,672241,2024-12-23,7.327701573121132
35760801349,672241,2024-12-30,4.827368181346241
35760801349,672241,2025-01-06,5.327176523238651
35760801349,672241,2025-01-13,6.827211505890336
35760801349,672241,2025-01-20,4.827046801295744
35760801349,672241,2025-01-27,5.827110807932467
35760801349,672241,2025-02-03,5.327121777261155
35760801349,672241,2025-02-10,6.327320690460985
35760801349,672241,2025-02-17,6.8272104283406625
35760801349,672241,2025-02-24,5.327395876050058
35760801349,672241,2025-03-03,6.32737347470138
35760801674,672241,2024-11-25,2.921320852684983
35760801674,672241,2024-12-02,3.9192814712003683
35760801674,672241,2024-12-09,2.4173250809655684
35760801674,672241,2024-12-16,1.915256921237081
35760801674,672241,2024-12-23,1.913639214236898
35760801674,672241,2024-12-30,1.9125266086691848
35760801674,672241,2025-01-06,2.4118212739340077
35760801674,672241,2025-01-13,3.411918919346712
35760801674,672241,2025-01-20,3.911809820592751
35760801674,672241,2025-01-27,2.411638045245344
35760801674,672241,2025-02-03,3.4114091859224205
35760801674,672241,2025-02-10,3.911602991065969
35760801674,672241,2025-02-17,3.412594761279757
35760801674,672241,2025-02-24,2.4132062164008756
35760801674,672241,2025-03-03,2.413539298086664
35760801996,672241,2024-11-25,0.6053882079405272
35760801996,672241,2024-12-02,2.105291594979521
35760801996,672241,2024-12-09,3.1051364811143105
35760801996,672241,2024-12-16,1.6050764805965936
35760801996,672241,2024-12-23,1.1050098449318648
35760801996,672241,2024-12-30,0.6049654103279244
35760801996,672241,2025-01-06,0.6049489075124728
35760801996,672241,2025-01-13,0.6049356992326358
35760801996,672241,2025-01-20,1.1049484401440155
35760801996,672241,2025-01-27,1.1049056406119337
35760801996,672241,2025-02-03,0.6049179796777235
35760801996,672241,2025-02-10,1.1048797661842005
35760801996,672241,2025-02-17,1.104846628937156
35760801996,672241,2025-02-24,0.6048155933468361
35760801996,672241,2025-03-03,4.104921001656289
35760802213,672241,2024-11-25,5.153828674986185
35760802213,672241,2024-12-02,3.153847228634926
35760802213,672241,2024-12-09,3.153861105506974
35760802213,672241,2024-12-16,3.1538642396216026
35760802213,672241,2024-12-23,3.6538789769690654
35760802213,672241,2024-12-30,2.6538734457364495
35760802213,672241,2025-01-06,4.653886554599609
35760802213,672241,2025-01-13,3.15386786413945
35760802213,672241,2025-01-20,2.653865251073637
35760802213,672241,2025-01-27,3.1538577426535683
35760802213,672241,2025-02-03,4.153850955258096
35760802213,672241,2025-02-10,5.153847102018395
35760802213,672241,2025-02-17,4.653838522043831
35760802213,672241,2025-02-24,3.6538221777526427
35760802213,672241,2025-03-03,4.653833279576067
35760802537,672241,2024-11-25,0.43673873047612594
35760802537,672241,2024-12-02,2.4366628726304675
35760802537,672241,2024-12-09,1.9366282025770842
35760802537,672241,2024-12-16,0.4366108489046808
35760802537,672241,2024-12-23,0.43660305558170254
35760802537,672241,2024-12-30,0.43660915796039546
35760802537,672241,2025-01-06,0.4366213472723959
35760802537,672241,2025-01-13,0.4366351056128555
35760802537,672241,2025-01-20,0.4366486039158565
35760802537,672241,2025-01-27,0.9366560456590787
35760802537,672241,2025-02-03,0.43666164134128754
35760802537,672241,2025-02-10,0.4366615815232771
35760802537,672241,2025-02-17,0.43666134537712736
35760802537,672241,2025-02-24,0.9366550659039754
35760802537,672241,2025-03-03,0.43664743681891294
35760802857,672241,2024-11-25,0.6257410126881754
35760802857,672241,2024-12-02,0.1556750462040817
35760802857,672241,2024-12-09,0.15754234865238922
35760802857,672241,2024-12-16,0.6876442109932785
35760802857,672241,2024-12-23,0.16008781407622483
35760802857,672241,2024-12-30,0.16024878265009349
35760802857,672241,2025-01-06,0.16028598665273178
35760802857,672241,2025-01-13,0.6891885998990837
35760802857,672241,2025-01-20,0.6889297076662397
35760802857,672241,2025-01-27,0.6311025328447752
35760802857,672241,2025-02-03,0.15911853247662872
35760802857,672241,2025-02-10,0.6870815073394185
35760802857,672241,2025-02-17,0.15750518500301963
35760802857,672241,2025-02-24,0.628434490501745
35760802857,672241,2025-03-03,0.15626437110640606
35760803117,672241,2024-11-25,-0.08861113053138528
35760803117,672241,2024-12-02,-0.09716089932556608
35760803117,672241,2024-12-09,-0.10560286155078503
35760803117,672241,2024-12-16,0.38608582264182245
35760803117,672241,2024-12-23,-0.12215466657486222
35760803117,672241,2024-12-30,-0.13028227786083807
35760803117,672241,2025-01-06,1.3616334692311793
35760803117,672241,2025-01-13,-0.14622890283555562
35760803117,672241,2025-01-20,-0.15399394447473053
35760803117,672241,2025-01-27,0.338328157944039
35760803117,672241,2025-02-03,-0.16920116959613285
35760803117,672241,2025-02-10,-0.1766227002406877
35760803117,672241,2025-02-17,-0.1839320898215982
35760803117,672241,2025-02-24,-0.1911281544056101
35760803117,672241,2025-03-03,-0.19821028860522905
35760803493,672241,2024-11-25,-5.056283170792181e-06
35760803493,672241,2024-12-02,-3.947332220380351e-06
35760803493,672241,2024-12-09,-2.985828479063618e-06
35760803493,672241,2024-12-16,-2.1787532039976854e-06
35760803493,672241,2024-12-23,-1.5129606902655746e-06
35760803493,672241,2024-12-30,-9.714814502292946e-07
35760803493,672241,2025-01-06,-5.473757635730825e-07
35760803493,672241,2025-01-13,-2.3794919742567422e-07
35760803493,672241,2025-01-20,-3.3418653632572015e-08
35760803493,672241,2025-01-27,6.982381780401559e-08
35760803493,672241,2025-02-03,7.854555649638995e-08
35760803493,672241,2025-02-10,3.372456962996706e-09
35760803493,672241,2025-02-17,-1.074689742960877e-07
35760803493,672241,2025-02-24,-2.898437681496391e-07
35760803493,672241,2025-03-03,-5.679703579293538e-07
35760803736,672241,2024-11-25,0.11512549235787721
35760803736,672241,2024-12-02,0.11520440240475367
35760803736,672241,2024-12-09,0.11527183354655915
35760803736,672241,2024-12-16,0.615286758924537
35760803736,672241,2024-12-23,0.1153815359716027
35760803736,672241,2024-12-30,0.11542594555872904
35760803736,672241,2025-01-06,0.11546308740356775
35760803736,672241,2025-01-13,0.11549376514992114
35760803736,672241,2025-01-20,0.11551785419594468
35760803736,672241,2025-01-27,0.11553681883858447
35760803736,672241,2025-02-03,0.11555209572041214
35760803736,672241,2025-02-10,0.11556331032227084
35760803736,672241,2025-02-17,0.11557087086279369
35760803736,672241,2025-02-24,0.11557512925887051
35760803736,672241,2025-03-03,0.11557642370779656
35760804010,672241,2024-11-25,-0.4346603505454948
35760804010,672241,2024-12-02,-0.4346627719435503
35760804010,672241,2024-12-09,-0.43466422236015817
35760804010,672241,2024-12-16,-0.43466562098939593
35760804010,672241,2024-12-23,-0.43466713037909177
35760804010,672241,2024-12-30,-0.434668304765156
35760804010,672241,2025-01-06,-0.4346681091604644
35760804010,672241,2025-01-13,-0.43466425962720234
35760804010,672241,2025-01-20,0.06532703915514965
35760804010,672241,2025-01-27,-0.43466538777970776
35760804010,672241,2025-02-03,-0.4346697075427628
35760804010,672241,2025-02-10,-0.4346707198254124
35760804010,672241,2025-02-17,-0.4346699153080076
35760804010,672241,2025-02-24,-0.4346698324388185
35760804010,672241,2025-03-03,-0.4346730843678862
35760804375,672241,2024-11-25,9.06753167617494
35760804375,672241,2024-12-02,5.067473936641475
35760804375,672241,2024-12-09,4.56743719354739
35760804375,672241,2024-12-16,3.5673875895908234
35760804375,672241,2024-12-23,4.0673881201019615
35760804375,672241,2024-12-30,8.567349404421252
35760804375,672241,2025-01-06,11.06731007122938
35760804375,672241,2025-01-13,7.567326083554186
35760804375,672241,2025-01-20,6.567338878824515
35760804375,672241,2025-01-27,4.5672959287728
35760804375,672241,2025-02-03,7.567354951183221
35760804375,672241,2025-02-10,5.067326793507528
35760804375,672241,2025-02-17,5.567403688659283
35760804375,672241,2025-02-24,6.067379933607279
35760804375,672241,2025-03-03,7.067441053379766
35760804684,672241,2024-11-25,4.932674392511533
35760804684,672241,2024-12-02,0.9334389951410982
35760804684,672241,2024-12-09,2.4335903873235183
35760804684,672241,2024-12-16,3.9335603826275283
35760804684,672241,2024-12-23,0.9333963527436138
35760804684,672241,2024-12-30,1.9332342676549814
35760804684,672241,2025-01-06,8.433134523400783
35760804684,672241,2025-01-13,3.433180086453479
35760804684,672241,2025-01-20,1.4332343602080804
35760804684,672241,2025-01-27,1.4333234571417561
35760804684,672241,2025-02-03,2.433472007619829
35760804684,672241,2025-02-10,1.933596482585485
35760804684,672241,2025-02-17,1.4336404454917064
35760804684,672241,2025-02-24,3.933679932899186
35760804684,672241,2025-03-03,4.933701013527018
35760805289,672241,2024-11-25,4.105701907082503
35760805289,672241,2024-12-02,4.605738048773443
35760805289,672241,2024-12-09,0.605779563041486
35760805289,672241,2024-12-16,15.605717531720858
35760805289,672241,2024-12-23,1.1058316990110222
35760805289,672241,2024-12-30,2.6058354014670466
35760805289,672241,2025-01-06,1.6058404355202303
35760805289,672241,2025-01-13,2.605823555455061
35760805289,672241,2025-01-20,2.1058243779489834
35760805289,672241,2025-01-27,3.1058091152846945
35760805289,672241,2025-02-03,1.1058208014054067
35760805289,672241,2025-02-10,2.6057994327559095
35760805289,672241,2025-02-17,1.1057782724820033
35760805289,672241,2025-02-24,3.105759555698247
35760805289,672241,2025-03-03,2.1057620656370615
35760805589,672241,2024-11-25,-0.8042974630811047
35760805589,672241,2024-12-02,1.6958138477090257
35760805589,672241,2024-12-09,-0.3041359964439908
35760805589,672241,2024-12-16,0.19581323694441077
35760805589,672241,2024-12-23,-0.8041783586620482
35760805589,672241,2024-12-30,-0.804109300451593
35760805589,672241,2025-01-06,-0.30404154524329885
35760805589,672241,2025-01-13,-0.8040440246807087
35760805589,672241,2025-01-20,1.6959271213186553
35760805589,672241,2025-01-27,0.19587540679557847
35760805589,672241,2025-02-03,1.6959021262119258
35760805589,672241,2025-02-10,0.1959774286456203
35760805589,672241,2025-02-17,1.1961397558215017
35760805589,672241,2025-02-24,-0.30379050642165994
35760805589,672241,2025-03-03,0.1961660647242508
35760805824,672241,2024-11-25,3.0949849700642273
35760805824,672241,2024-12-02,1.686527886632521
35760805824,672241,2024-12-09,4.777397400874294
35760805824,672241,2024-12-16,1.8668260171409026
35760805824,672241,2024-12-23,1.955495006109739
35760805824,672241,2024-12-30,2.0431044558899556
35760805824,672241,2025-01-06,2.629694803359972
35760805824,672241,2025-01-13,2.215131684131306
35760805824,672241,2025-01-20,2.2995284173534745
35760805824,672241,2025-01-27,3.8828773295916617
35760805824,672241,2025-02-03,5.965198907772399
35760805824,672241,2025-02-10,2.5462531828988277
35760805824,672241,2025-02-17,3.126301043690029
35760805824,672241,2025-02-24,3.7053283985604857
35760805824,672241,2025-03-03,2.783220091496087
35760806147,672241,2024-11-25,-0.05768855898034023
35760806147,672241,2024-12-02,-0.057690462080328464
35760806147,672241,2024-12-09,-0.05769202289109837
35760806147,672241,2024-12-16,-0.057693297323265544
35760806147,672241,2024-12-23,-0.05769429872137488
35760806147,672241,2024-12-30,-0.057695058957674676
35760806147,672241,2025-01-06,-0.05769565782303691
35760806147,672241,2025-01-13,-0.057696074695517574
35760806147,672241,2025-01-20,-0.05769624859027138
35760806147,672241,2025-01-27,-0.0576962276860718
35760806147,672241,2025-02-03,-0.05769608959681277
35760806147,672241,2025-02-10,-0.05769581472502077
35760806147,672241,2025-02-17,-0.057695427032595344
35760806147,672241,2025-02-24,-0.05769492794778311
35760806147,672241,2025-03-03,0.4423087224448066
35760806438,672241,2024-11-25,0.41350874314158315
35760806438,672241,2024-12-02,0.9133638053976084
35760806438,672241,2024-12-09,-0.08640442576412671
35760806438,672241,2024-12-16,-0.08642929932951407
35760806438,672241,2024-12-23,0.9132824599996827
35760806438,672241,2024-12-30,1.9137704256379393
35760806438,672241,2025-01-06,-0.08651292442309419
35760806438,672241,2025-01-13,-0.08652205710499775
35760806438,672241,2025-01-20,-0.0865364719918709
35760806438,672241,2025-01-27,0.4135742760118684
35760806438,672241,2025-02-03,1.913701341542233
35760806438,672241,2025-02-10,-0.08653998989957218
35760806438,672241,2025-02-17,-0.08651809875947794
35760806438,672241,2025-02-24,-0.08651154588809762
35760806438,672241,2025-03-03,0.41361783691070153
35760806772,672241,2024-11-25,-0.13375593624150559
35760806772,672241,2024-12-02,-0.12669024592982053
35760806772,672241,2024-12-09,-0.12070604494431961
35760806772,672241,2024-12-16,-0.11563142588392286
35760806772,672241,2024-12-23,-0.11131948807871132
35760806772,672241,2024-12-30,-0.10718370682275077
35760806772,672241,2025-01-06,-0.10405743202914237
35760806772,672241,2025-01-13,-0.10138630691311835
35760806772,672241,2025-01-20,-0.09816797200504541
35760806772,672241,2025-01-27,-0.09575481643895528
35760806772,672241,2025-02-03,-0.0941061032854274
35760806772,672241,2025-02-10,-0.09270731693179737
35760806772,672241,2025-02-17,-0.09151129233508772
35760806772,672241,2025-02-24,-0.09047618847812529
35760806772,672241,2025-03-03,-0.0891041170371871
35760807010,672241,2024-11-25,0.1813159358868884
35760807010,672241,2024-12-02,0.1933933934472234
35760807010,672241,2024-12-09,0.7053171594269011
35760807010,672241,2024-12-16,0.2170870717900388
35760807010,672241,2024-12-23,0.7287091730856381
35760807010,672241,2024-12-30,0.2401780772669928
35760807010,672241,2025-01-06,0.25150098653472
35760807010,672241,2025-01-13,0.26267306971729804
35760807010,672241,2025-01-20,0.27369451970539005
35760807010,672241,2025-01-27,0.2845654940261171
35760807010,672241,2025-02-03,0.2952860896854753
35760807010,672241,2025-02-10,0.30585645398032596
35760807010,672241,2025-02-17,0.3162766532607575
35760807010,672241,2025-02-24,0.3265467209301848
35760807010,672241,2025-03-03,0.3366667111030706
35760807974,672241,2024-11-25,4.163861473025071
35760807974,672241,2024-12-02,4.163713215215194
35760807974,672241,2024-12-09,2.6635984880613623
35760807974,672241,2024-12-16,2.6634993653707673
35760807974,672241,2024-12-23,0.6634295360526559
35760807974,672241,2024-12-30,2.663365315636741
35760807974,672241,2025-01-06,3.6633379333134073
35760807974,672241,2025-01-13,2.163307569327056
35760807974,672241,2025-01-20,5.663282652981152
35760807974,672241,2025-01-27,1.1632943926769967
35760807974,672241,2025-02-03,3.663291774407369
35760807974,672241,2025-02-10,2.6633101195571376
35760807974,672241,2025-02-17,2.663321528551987
35760807974,672241,2025-02-24,4.163326312417956
35760807974,672241,2025-03-03,2.6633530064586246
35760808239,672241,2024-11-25,-0.32809342056147206
35760808239,672241,2024-12-02,-0.3286303073310918
35760808239,672241,2024-12-09,-0.8290942357376834
35760808239,672241,2024-12-16,-0.8295383955609588
35760808239,672241,2024-12-23,-0.8299445083728082
35760808239,672241,2024-12-30,1.1697801224265267
35760808239,672241,2025-01-06,-0.8306676632272264
35760808239,672241,2025-01-13,-0.8310179801963664
35760808239,672241,2025-01-20,0.6685852626249315
35760808239,672241,2025-01-27,0.6683918936105584
35760808239,672241,2025-02-03,-0.831884457453326
35760808239,672241,2025-02-10,0.6678999781876098
35760808239,672241,2025-02-17,-0.8323504899352316
35760808239,672241,2025-02-24,1.6673088009860157
35760808239,672241,2025-03-03,0.6672164620959209
35760808536,672241,2024-11-25,1.0077929065549482
35760808536,672241,2024-12-02,1.5079798932921076
35760808536,672241,2024-12-09,2.008200802850933
35760808536,672241,2024-12-16,2.5086483921104437
35760808536,672241,2024-12-23,1.0087377569619522
35760808536,672241,2024-12-30,1.508849809414018
35760808536,672241,2025-01-06,3.0090074432205967
35760808536,672241,2025-01-13,2.0091404664077537
35760808536,672241,2025-01-20,2.0090742509993627
35760808536,672241,2025-01-27,3.0089931124638847
35760808536,672241,2025-02-03,5.508750731059058
35760808536,672241,2025-02-10,4.008141863566571
35760808536,672241,2025-02-17,1.0079106836038494
35760808536,672241,2025-02-24,9.00855676844365
35760808536,672241,2025-03-03,2.0075451741356245
35760808866,672241,2024-11-25,4.758134228123541
35760808866,672241,2024-12-02,3.758030212106048
35760808866,672241,2024-12-09,4.757900838157335
35760808866,672241,2024-12-16,5.258472174651555
35760808866,672241,2024-12-23,3.7582013517876396
35760808866,672241,2024-12-30,3.258114213537702
35760808866,672241,2025-01-06,4.258103349855041
35760808866,672241,2025-01-13,28.76313932389103
35760808866,672241,2025-01-20,8.759160770741111
35760808866,672241,2025-01-27,3.7585432882254195
35760808866,672241,2025-02-03,4.258848933609943
35760808866,672241,2025-02-10,4.258854415940654
35760808866,672241,2025-02-17,4.259262567362247
35760808866,672241,2025-02-24,4.2594536730810955
35760808866,672241,2025-03-03,3.259427970657482
35760809177,672241,2024-11-25,3.522577351524491
35760809177,672241,2024-12-02,2.022807520787057
35760809177,672241,2024-12-09,4.523052213712124
35760809177,672241,2024-12-16,2.023379177965429
35760809177,672241,2024-12-23,1.5237199942816724
35760809177,672241,2024-12-30,2.0240903569768713
35760809177,672241,2025-01-06,3.0245082427458154
35760809177,672241,2025-01-13,2.5249262019932766
35760809177,672241,2025-01-20,1.5253689290346333
35760809177,672241,2025-01-27,4.025839478614458
35760809177,672241,2025-02-03,2.026265401750077
35760809177,672241,2025-02-10,1.5267279105308713
35760809177,672241,2025-02-17,3.0271666899160965
35760809177,672241,2025-02-24,3.527664352912059
35760809177,672241,2025-03-03,3.5281162424940846
35760809493,672241,2024-11-25,0.5576948813254279
35760809493,672241,2024-12-02,0.05769248074206311
35760809493,672241,2024-12-09,0.057691152998518444
35760809493,672241,2024-12-16,0.0576904270627385
35760809493,672241,2024-12-23,0.057690177456693595
35760809493,672241,2024-12-30,0.057690205791732535
35760809493,672241,2025-01-06,0.5576901970875905
35760809493,672241,2025-01-13,0.557691015260772
35760809493,672241,2025-01-20,0.05769111984098918
35760809493,672241,2025-01-27,0.5576912391786254
35760809493,672241,2025-02-03,0.05769172158994661
35760809493,672241,2025-02-10,0.057691873756713724
35760809493,672241,2025-02-17,1.0576914149092578
35760809493,672241,2025-02-24,0.05769174421951108
35760809493,672241,2025-03-03,0.057691504568051236
35760809723,672241,2024-11-25,0.7544008195371993
35760809723,672241,2024-12-02,1.2533026677251509
35760809723,672241,2024-12-09,0.7524576194329433
35760809723,672241,2024-12-16,0.7516150328078772
35760809723,672241,2024-12-23,0.7508814737639116
35760809723,672241,2024-12-30,0.7502204527534309
35760809723,672241,2025-01-06,1.2495664998562654
35760809723,672241,2025-01-13,0.7491426820645992
35760809723,672241,2025-01-20,0.7487322486856439
35760809723,672241,2025-01-27,0.7483866615697758
35760809723,672241,2025-02-03,0.7481227889279864
35760809723,672241,2025-02-10,0.7479341706864565
35760809723,672241,2025-02-17,0.7478163263051104
35760809723,672241,2025-02-24,1.747601205696744
35760809723,672241,2025-03-03,0.7477490741812998
35760810312,672241,2024-11-25,-0.11538394318609452
35760810312,672241,2024-12-02,-0.11538389313206343
35760810312,672241,2024-12-09,-0.11538385645139729
35760810312,672241,2024-12-16,-0.11538381040771879
35760810312,672241,2024-12-23,-0.11538382358473287
35760810312,672241,2024-12-30,-0.11538382287664253
35760810312,672241,2025-01-06,-0.11538380254444566
35760810312,672241,2025-01-13,-0.11538381397380001
35760810312,672241,2025-01-20,-0.11538380847107578
35760810312,672241,2025-01-27,0.8846173912359299
35760810312,672241,2025-02-03,-0.11538372957361795
35760810312,672241,2025-02-10,-0.11538361322077048
35760810312,672241,2025-02-17,-0.11538358374396214
35760810312,672241,2025-02-24,-0.11538350089809682
35760810312,672241,2025-03-03,-0.11538344401877051
35760810624,672241,2024-11-25,3.3495039098834205
35760810624,672241,2024-12-02,0.34950700883679353
35760810624,672241,2024-12-09,0.3492477092441848
35760810624,672241,2024-12-16,0.34920965333604714
35760810624,672241,2024-12-23,0.34928785995896533
35760810624,672241,2024-12-30,1.8493119084609657
35760810624,672241,2025-01-06,0.3495251879172054
35760810624,672241,2025-01-13,0.3496303159703315
35760810624,672241,2025-01-20,1.3495173689523066
35760810624,672241,2025-01-27,1.8494286762213172
35760810624,672241,2025-02-03,0.8497512404112626
35760810624,672241,2025-02-10,1.3495839404174053
35760810624,672241,2025-02-17,0.3495288904571074
35760810624,672241,2025-02-24,0.3494848099634278
35760810624,672241,2025-03-03,0.3494617116775096
35760810972,672241,2024-11-25,0.028483980104898776
35760810972,672241,2024-12-02,0.02852235860867186
35760810972,672241,2024-12-09,0.02856182400640689
35760810972,672241,2024-12-16,0.5286024818802092
35760810972,672241,2024-12-23,0.5286291985000644
35760810972,672241,2024-12-30,0.028641286693069867
35760810972,672241,2025-01-06,0.02865325347504949
35760810972,672241,2025-01-13,0.02866500610918049
35760810972,672241,2025-01-20,0.028676768729748392
35760810972,672241,2025-01-27,0.028688731737522843
35760810972,672241,2025-02-03,0.028701429719955207
35760810972,672241,2025-02-10,0.5287149986101425
35760810972,672241,2025-02-17,0.5287432816596674
35760810972,672241,2025-02-24,0.02875840356365955
35760810972,672241,2025-03-03,1.0287736265485177
35760811216,672241,2024-11-25,2.105088592766485
35760811216,672241,2024-12-02,2.1051925170385912
35760811216,672241,2024-12-09,4.605249589090563
35760811216,672241,2024-12-16,1.1053496865453512
35760811216,672241,2024-12-23,1.1054246908764056
35760811216,672241,2024-12-30,1.6054443162954324
35760811216,672241,2025-01-06,3.605543590781691
35760811216,672241,2025-01-13,13.105674923302645
35760811216,672241,2025-01-20,2.1056933394021637
35760811216,672241,2025-01-27,2.1057189319073304
35760811216,672241,2025-02-03,2.1057454983816726
35760811216,672241,2025-02-10,2.6058273441664106
35760811216,672241,2025-02-17,4.105903156698112
35760811216,672241,2025-02-24,7.605848160755544
35760811216,672241,2025-03-03,6.605979566918464
35797749988,672241,2024-11-25,-2.6900517971420346
35797749988,672241,2024-12-02,-1.6896895383458785
35797749988,672241,2024-12-09,-4.189734959899831
35797749988,672241,2024-12-16,-3.18977400828709
35797749988,672241,2024-12-23,-4.189949898421295
35797749988,672241,2024-12-30,-4.190194500528405
35797749988,672241,2025-01-06,-2.1903469980714547
35797749988,672241,2025-01-13,-3.6901896139299355
35797749988,672241,2025-01-20,-3.1896618123423846
35797749988,672241,2025-01-27,-3.688955677733034
35797749988,672241,2025-02-03,-1.688483249845047
35797749988,672241,2025-02-10,-3.1878837897023744
35797749988,672241,2025-02-17,-3.1873872776082464
35797749988,672241,2025-02-24,-3.186725584983968
35797749988,672241,2025-03-03,-2.186277339505854
35845590961,672241,2024-11-25,0.0866186653049488
35845590961,672241,2024-12-02,0.07876452320741664
35845590961,672241,2024-12-09,0.07982729894346935
35845590961,672241,2024-12-16,0.0808900852463928
35845590961,672241,2024-12-23,0.07303589615931677
35845590961,672241,2024-12-30,0.06518163822097736
35845590961,672241,2025-01-06,0.0662442988873187
35845590961,672241,2025-01-13,0.06730697187192763
35845590961,672241,2025-01-20,0.06836965593715985
35845590961,672241,2025-01-27,0.06943235256607241
35845590961,672241,2025-02-03,0.08832903366476227
35845590961,672241,2025-02-10,2.018022809232688
35845590961,672241,2025-02-17,0.06371130269933442
35845590961,672241,2025-02-24,0.0469399268134012
35845590961,672241,2025-03-03,0.0301684031845057
35846286376,672241,2024-11-25,1.5192286458010082
35846286376,672241,2024-12-02,1.0192667918187146
35846286376,672241,2024-12-09,2.019282684377619
35846286376,672241,2024-12-16,1.0192507644302744
35846286376,672241,2024-12-23,0.519176429422401
35846286376,672241,2024-12-30,1.0191032647414042
35846286376,672241,2025-01-06,0.5190445693968044
35846286376,672241,2025-01-13,0.5189993733160196
35846286376,672241,2025-01-20,0.5189611148631557
35846286376,672241,2025-01-27,0.5189327673336921
35846286376,672241,2025-02-03,0.518917118683837
35846286376,672241,2025-02-10,0.5189155574730443
35846286376,672241,2025-02-17,0.5189284461151634
35846286376,672241,2025-02-24,0.5189565332393753
35846286376,672241,2025-03-03,1.5189834928352668
35846511668,672241,2024-11-25,-0.0006049565263237244
35846511668,672241,2024-12-02,-0.0006387841994295318
35846511668,672241,2024-12-09,-0.0005964428427136514
35846511668,672241,2024-12-16,1.0001978938320293
35846511668,672241,2024-12-23,-0.0002993308598772948
35846511668,672241,2024-12-30,-7.079148916080968e-05
35846511668,672241,2025-01-06,0.5005257435194219
35846511668,672241,2025-01-13,1.0004713656196922
35846511668,672241,2025-01-20,0.0007659142669529662
35846511668,672241,2025-01-27,0.0010495929735283294
35846511668,672241,2025-02-03,0.5016676907986425
35846511668,672241,2025-02-10,0.0015997684557034209
35846511668,672241,2025-02-17,0.5022017014778097
35846511668,672241,2025-02-24,0.0021080041204838418
35846511668,672241,2025-03-03,0.002336820212283791
35846548593,672241,2024-11-25,0.3559658664535148
35846548593,672241,2024-12-02,-0.14391168094585255
35846548593,672241,2024-12-09,-0.1437581275378432
35846548593,672241,2024-12-16,-0.14364455856249592
35846548593,672241,2024-12-23,0.3565074954365416
35846548593,672241,2024-12-30,-0.1434921334230057
35846548593,672241,2025-01-06,0.3564798389214957
35846548593,672241,2025-01-13,-0.1434547815937228
35846548593,672241,2025-01-20,-0.14348856840732144
35846548593,672241,2025-01-27,-0.14354522279579707
35846548593,672241,2025-02-03,1.3566062790736073
35846548593,672241,2025-02-10,-0.14362124098837784
35846548593,672241,2025-02-17,0.3564393482144457
35846548593,672241,2025-02-24,-0.1436359016169711
35846548593,672241,2025-03-03,-0.14364774840263664
36407064097,672241,2024-11-25,1.9554958623156393
36407064097,672241,2024-12-02,1.955472648094085
36407064097,672241,2024-12-09,1.9555074518748257
36407064097,672241,2024-12-16,1.9555552502679348
36407064097,672241,2024-12-23,1.9556025514380098
36407064097,672241,2024-12-30,1.9556508492145106
36407064097,672241,2025-01-06,1.9557085139408068
36407064097,672241,2025-01-13,1.9557681432166034
36407064097,672241,2025-01-20,1.955811916956486
36407064097,672241,2025-01-27,1.9558396657271204
36407064097,672241,2025-02-03,1.9560050001946687
36407064097,672241,2025-02-10,6.955903282430187
36407064097,672241,2025-02-17,1.9560290443558803
36407064097,672241,2025-02-24,1.9559604926575098
36407064097,672241,2025-03-03,2.45597332391676
36442662378,672241,2024-11-25,8.34341515448829
36442662378,672241,2024-12-02,14.343687630455902
36442662378,672241,2024-12-09,13.343608203494469
36442662378,672241,2024-12-16,19.343825383965854
36442662378,672241,2024-12-23,18.84304261847973
36442662378,672241,2024-12-30,16.34307319576962
36442662378,672241,2025-01-06,5.842950195486116
36442662378,672241,2025-01-13,5.843638126811193
36442662378,672241,2025-01-20,7.8442372247025975
36442662378,672241,2025-01-27,8.844781905551134
36442662378,672241,2025-02-03,9.845107651646321
36442662378,672241,2025-02-10,6.844841607189586
36442662378,672241,2025-02-17,5.844604919035028
36442662378,672241,2025-02-24,9.343339348259594
36442662378,672241,2025-03-03,15.843203359372898
36442913739,672241,2024-11-25,0.7508787108572872
36442913739,672241,2024-12-02,5.250664517565082
36442913739,672241,2024-12-09,1.2504685213134894
36442913739,672241,2024-12-16,3.250490639827288
36442913739,672241,2024-12-23,5.250689001810576
36442913739,672241,2024-12-30,5.250783348592249
36442913739,672241,2025-01-06,1.250739510694489
36442913739,672241,2025-01-13,1.250731971071495
36442913739,672241,2025-01-20,3.2507400219368328
36442913739,672241,2025-01-27,3.2507302521198085
36442913739,672241,2025-02-03,3.2506781135144642
36442913739,672241,2025-02-10,1.7505612465877785
36442913739,672241,2025-02-17,1.2504748990720866
36442913739,672241,2025-02-24,1.2504922887773697
36442913739,672241,2025-03-03,4.7504754894036445
36918045023,672241,2024-11-25,0.11536131183645197
36918045023,672241,2024-12-02,0.1153642624457169
36918045023,672241,2024-12-09,0.11536643290921207
36918045023,672241,2024-12-16,0.1153675104233689
36918045023,672241,2024-12-23,0.11536771936171426
36918045023,672241,2024-12-30,0.11536728389840067
36918045023,672241,2025-01-06,0.11536588257254883
36918045023,672241,2025-01-13,0.11536353890171226
36918045023,672241,2025-01-20,0.11536030856011567
36918045023,672241,2025-01-27,0.11535583976264643
36918045023,672241,2025-02-03,0.11535034731994248
36918045023,672241,2025-02-10,0.11534408468283602
36918045023,672241,2025-02-17,0.6153557541895393
36918045023,672241,2025-02-24,0.6153564761956786
36918045023,672241,2025-03-03,0.11534604292374515
36923304973,672241,2024-11-25,-0.7622685456025299
36923304973,672241,2024-12-02,-0.8029061360159906
36923304973,672241,2024-12-09,-0.8432318554829596
36923304973,672241,2024-12-16,-0.8832463587347146
36923304973,672241,2024-12-23,-0.9229500684300205
36923304973,672241,2024-12-30,-0.9623435708120541
36923304973,672241,2025-01-06,-1.001427203029798
36923304973,672241,2025-01-13,-1.0402013466120201
36923304973,672241,2025-01-20,-1.0786662152886266
36923304973,672241,2025-01-27,-1.1168220916619283
36923304973,672241,2025-02-03,-1.1546690254739302
36923304973,672241,2025-02-10,-1.1922072999930462
36923304973,672241,2025-02-17,-1.229436909800431
36923304973,672241,2025-02-24,-0.7663694021068055
36923304973,672241,2025-03-03,-0.8029795801969479
36924668188,672241,2024-11-25,0.0
36924668188,672241,2024-12-02,0.0
36924668188,672241,2024-12-09,0.0
36924668188,672241,2024-12-16,0.0
36924668188,672241,2024-12-23,0.0
36924668188,672241,2024-12-30,0.0
36924668188,672241,2025-01-06,0.0
36924668188,672241,2025-01-13,0.0
36924668188,672241,2025-01-20,0.0
36924668188,672241,2025-01-27,0.0
36924668188,672241,2025-02-03,0.0
36924668188,672241,2025-02-10,0.0
36924668188,672241,2025-02-17,0.0
36924668188,672241,2025-02-24,0.0
36924668188,672241,2025-03-03,0.0
36924687323,672241,2024-11-25,0.0
36924687323,672241,2024-12-02,0.0
36924687323,672241,2024-12-09,0.0
36924687323,672241,2024-12-16,0.0
36924687323,672241,2024-12-23,0.0
36924687323,672241,2024-12-30,0.0
36924687323,672241,2025-01-06,0.0
36924687323,672241,2025-01-13,0.0
36924687323,672241,2025-01-20,0.0
36924687323,672241,2025-01-27,0.0
36924687323,672241,2025-02-03,0.0
36924687323,672241,2025-02-10,0.0
36924687323,672241,2025-02-17,0.0
36924687323,672241,2025-02-24,0.0
36924687323,672241,2025-03-03,0.0
36924792617,672241,2024-11-25,0.08634251368857943
36924792617,672241,2024-12-02,0.08633302866048234
36924792617,672241,2024-12-09,0.0863288543401364
36924792617,672241,2024-12-16,0.08632834240112489
36924792617,672241,2024-12-23,0.086330315018697
36924792617,672241,2024-12-30,0.08633491905690086
36924792617,672241,2025-01-06,0.08634169988598564
36924792617,672241,2025-01-13,0.0863503246195029
36924792617,672241,2025-01-20,0.08635882432898255
36924792617,672241,2025-01-27,0.08636900128908821
36924792617,672241,2025-02-03,0.08638261745343184
36924792617,672241,2025-02-10,0.08639783470844742
36924792617,672241,2025-02-17,0.08641434334103239
36924792617,672241,2025-02-24,0.08643180684092747
36924792617,672241,2025-03-03,0.08644989805872619
36925028712,672241,2024-11-25,0.0
36925028712,672241,2024-12-02,0.0
36925028712,672241,2024-12-09,0.0
36925028712,672241,2024-12-16,0.0
36925028712,672241,2024-12-23,0.0
36925028712,672241,2024-12-30,0.0
36925028712,672241,2025-01-06,0.0
36925028712,672241,2025-01-13,0.0
36925028712,672241,2025-01-20,0.0
36925028712,672241,2025-01-27,0.0
36925028712,672241,2025-02-03,0.0
36925028712,672241,2025-02-10,0.0
36925028712,672241,2025-02-17,0.0
36925028712,672241,2025-02-24,0.0
36925028712,672241,2025-03-03,0.0
36925173329,672241,2024-11-25,0.0
36925173329,672241,2024-12-02,0.0
36925173329,672241,2024-12-09,0.0
36925173329,672241,2024-12-16,0.0
36925173329,672241,2024-12-23,0.0
36925173329,672241,2024-12-30,0.0
36925173329,672241,2025-01-06,0.0
36925173329,672241,2025-01-13,0.0
36925173329,672241,2025-01-20,0.0
36925173329,672241,2025-01-27,0.0
36925173329,672241,2025-02-03,0.0
36925173329,672241,2025-02-10,0.0
36925173329,672241,2025-02-17,0.0
36925173329,672241,2025-02-24,0.0
36925173329,672241,2025-03-03,0.0
36925451776,672241,2024-11-25,-0.05772146413395067
36925451776,672241,2024-12-02,-0.057714168611252795
36925451776,672241,2024-12-09,-0.05770755663969224
36925451776,672241,2024-12-16,-0.05770161541485337
36925451776,672241,2024-12-23,-0.05769633366068656
36925451776,672241,2024-12-30,-0.05769167912137937
36925451776,672241,2025-01-06,-0.057687656855688635
36925451776,672241,2025-01-13,-0.05768422753919103
36925451776,672241,2025-01-20,-0.05768138343586729
36925451776,672241,2025-01-27,-0.057679105798481914
36925451776,672241,2025-02-03,-0.05767737273625985
36925451776,672241,2025-02-10,-0.05767617066153805
36925451776,672241,2025-02-17,-0.0576754685554401
36925451776,672241,2025-02-24,-0.057675255242833554
36925451776,672241,2025-03-03,-0.057675675375358226
36929905877,672241,2024-11-25,0.0
36929905877,672241,2024-12-02,0.0
36929905877,672241,2024-12-09,0.0
36929905877,672241,2024-12-16,0.0
36929905877,672241,2024-12-23,0.0
36929905877,672241,2024-12-30,0.0
36929905877,672241,2025-01-06,0.0
36929905877,672241,2025-01-13,0.0
36929905877,672241,2025-01-20,0.0
36929905877,672241,2025-01-27,0.0
36929905877,672241,2025-02-03,0.0
36929905877,672241,2025-02-10,0.0
36929905877,672241,2025-02-17,0.0
36929905877,672241,2025-02-24,0.0
36929905877,672241,2025-03-03,0.0
36932256672,672241,2024-11-25,-0.028926878760543985
36932256672,672241,2024-12-02,-0.0289116466237337
36932256672,672241,2024-12-09,-0.028897587202055597
36932256672,672241,2024-12-16,-0.02888463039180579
36932256672,672241,2024-12-23,-0.028872724564243224
36932256672,672241,2024-12-30,-0.028861804078478485
36932256672,672241,2025-01-06,-0.028851807689226752
36932256672,672241,2025-01-13,-0.028842677245688918
36932256672,672241,2025-01-20,-0.02883515337210077
36932256672,672241,2025-01-27,-0.02882853196805432
36932256672,672241,2025-02-03,-0.028822131482312094
36932256672,672241,2025-02-10,-0.028816685248217167
36932256672,672241,2025-02-17,-0.028812137132663146
36932256672,672241,2025-02-24,-0.028808423109944324
36932256672,672241,2025-03-03,-0.028805503105280378
36934182989,672241,2024-11-25,-0.05770031539505857
36934182989,672241,2024-12-02,-0.05769606415992905
36934182989,672241,2024-12-09,-0.05769247671627942
36934182989,672241,2024-12-16,-0.05768956215617509
36934182989,672241,2024-12-23,-0.05768732283761169
36934182989,672241,2024-12-30,-0.0576857394175539
36934182989,672241,2025-01-06,-0.05768478960424929
36934182989,672241,2025-01-13,-0.05768442174801955
36934182989,672241,2025-01-20,-0.057684596807982234
36934182989,672241,2025-01-27,-0.0576852429399498
36934182989,672241,2025-02-03,-0.057686336571686335
36934182989,672241,2025-02-10,-0.05768779424096354
36934182989,672241,2025-02-17,-0.05768958464519865
36934182989,672241,2025-02-24,-0.05769168103033069
36934182989,672241,2025-03-03,-0.057694040697717795
36952764350,672241,2024-11-25,-2.018063780279636
36952764350,672241,2024-12-02,-2.5180495241611984
36952764350,672241,2024-12-09,-1.5180382557192027
36952764350,672241,2024-12-16,-1.517983356014458
36952764350,672241,2024-12-23,-2.017928404505515
36952764350,672241,2024-12-30,-1.5179497439743799
36952764350,672241,2025-01-06,-2.5178981800494755
36952764350,672241,2025-01-13,-2.017914484018298
36952764350,672241,2025-01-20,-2.5178455542918243
36952764350,672241,2025-01-27,-2.017837045387076
36952764350,672241,2025-02-03,-2.5177468247667476
36952764350,672241,2025-02-10,-1.0177654933081401
36952764350,672241,2025-02-17,-1.5177144753934178
36952764350,672241,2025-02-24,-1.517747711918142
36952764350,672241,2025-03-03,-2.5177337251862593
36952921551,672241,2024-11-25,-0.011672002120059616
36952921551,672241,2024-12-02,-0.011657264881572205
36952921551,672241,2024-12-09,-0.011614150202492513
36952921551,672241,2024-12-16,-0.011567043610968858
36952921551,672241,2024-12-23,-0.01151001955298625
36952921551,672241,2024-12-30,-0.011452915800693103
36952921551,672241,2025-01-06,-0.011409759089129112
36952921551,672241,2025-01-13,0.48858024554172125
36952921551,672241,2025-01-20,0.4885853947836357
36952921551,672241,2025-01-27,0.9885524763190237
36952921551,672241,2025-02-03,-0.011386238311563962
36952921551,672241,2025-02-10,-0.011381349310868039
36952921551,672241,2025-02-17,-0.011366122256356803
36952921551,672241,2025-02-24,0.9885922985967356
36952921551,672241,2025-03-03,-0.011322562922193857
36952968358,672241,2024-11-25,1.91001204286682
36952968358,672241,2024-12-02,-1.0901168575805409
36952968358,672241,2024-12-09,-1.090092988341281
36952968358,672241,2024-12-16,-0.09020709031536833
36952968358,672241,2024-12-23,-1.0903340846061154
36952968358,672241,2024-12-30,-1.090444515832019
36952968358,672241,2025-01-06,-1.0904511156598349
36952968358,672241,2025-01-13,-1.09039916023315
36952968358,672241,2025-01-20,-0.5903465402421723
36952968358,672241,2025-01-27,-0.5903101317118017
36952968358,672241,2025-02-03,-0.59031633902485
36952968358,672241,2025-02-10,-0.5903203934213562
36952968358,672241,2025-02-17,-1.0903042132116898
36952968358,672241,2025-02-24,-0.0902870101442576
36952968358,672241,2025-03-03,-1.0902108312589511
37232337056,672241,2024-11-25,0.5761399533921485
37232337056,672241,2024-12-02,1.5784739353588986
37232337056,672241,2024-12-09,0.5765484737260493
37232337056,672241,2024-12-16,0.5766670485324589
37232337056,672241,2024-12-23,1.0778552584908487
37232337056,672241,2024-12-30,0.5769083282625304
37232337056,672241,2025-01-06,0.5769755848691396
37232337056,672241,2025-01-13,0.5770309491767045
37232337056,672241,2025-01-20,1.078143307302924
37232337056,672241,2025-01-27,1.0781938527339863
37232337056,672241,2025-02-03,0.5771427122702747
37232337056,672241,2025-02-10,0.5771179221772047
37232337056,672241,2025-02-17,0.5770440325556827
37232337056,672241,2025-02-24,0.5769572965898582
37232337056,672241,2025-03-03,0.5769153174490923
37342256451,672241,2024-11-25,-0.6717483116410925
37342256451,672241,2024-12-02,-0.6719723988276454
37342256451,672241,2024-12-09,-0.6725777678755152
37342256451,672241,2024-12-16,-0.6728985313221143
37342256451,672241,2024-12-23,-0.6733276388932969
37342256451,672241,2024-12-30,-0.6736080055775546
37342256451,672241,2025-01-06,0.3261638580074666
37342256451,672241,2025-01-13,1.8261269686708497
37342256451,672241,2025-01-20,1.8261731886266113
37342256451,672241,2025-01-27,3.826288501554918
37342256451,672241,2025-02-03,4.326309896926551
37342256451,672241,2025-02-10,6.326561106738618
37342256451,672241,2025-02-17,3.826819927839223
37342256451,672241,2025-02-24,5.32715535762436
37342256451,672241,2025-03-03,3.3268929881100497
37343374872,672241,2024-11-25,5.748234169166607
37343374872,672241,2024-12-02,48.71040204731603
37343374872,672241,2024-12-09,-0.8037598565182007
37343374872,672241,2024-12-16,-1.8123125644941238
37343374872,672241,2024-12-23,-3.309577316925373
37343374872,672241,2024-12-30,-4.795751613917565
37343374872,672241,2025-01-06,-0.27172452181208895
37343374872,672241,2025-01-13,3.263385779564579
37343374872,672241,2025-01-20,0.31029652169344346
37343374872,672241,2025-01-27,-0.632071317126927
37343374872,672241,2025-02-03,-1.063387065748488
37343374872,672241,2025-02-10,-0.9836699828395161
37343374872,672241,2025-02-17,0.10710199195938497
37343374872,672241,2025-02-24,-3.290427806433037
37343374872,672241,2025-03-03,-3.677087816251192
37344189072,672241,2024-11-25,-12.199644653894989
37344189072,672241,2024-12-02,-8.696733195405006
37344189072,672241,2024-12-09,-19.19476857217311
37344189072,672241,2024-12-16,-18.693681853931764
37344189072,672241,2024-12-23,-13.192661112348954
37344189072,672241,2024-12-30,-19.191158877633022
37344189072,672241,2025-01-06,-16.18873018877732
37344189072,672241,2025-01-13,-9.187720254822912
37344189072,672241,2025-01-20,-8.187346536018055
37344189072,672241,2025-01-27,-6.68676947516896
37344189072,672241,2025-02-03,-6.6860371649332455
37344189072,672241,2025-02-10,-6.185257857319631
37344189072,672241,2025-02-17,-9.184407672780221
37344189072,672241,2025-02-24,-7.683559984001274
37344189072,672241,2025-03-03,-9.683662466685643
37344544280,672241,2024-11-25,-8.124681981538677
37344544280,672241,2024-12-02,-7.624077650116857
37344544280,672241,2024-12-09,-9.12555109332403
37344544280,672241,2024-12-16,-6.125737065295988
37344544280,672241,2024-12-23,-6.126656904633126
37344544280,672241,2024-12-30,-10.127393783312762
37344544280,672241,2025-01-06,-16.12823920698638
37344544280,672241,2025-01-13,-16.12913124817625
37344544280,672241,2025-01-20,-16.6299782680915
37344544280,672241,2025-01-27,-16.630647805837267
37344544280,672241,2025-02-03,-16.631153829258828
37344544280,672241,2025-02-10,-16.63134625435401
37344544280,672241,2025-02-17,-16.63161070092062
37344544280,672241,2025-02-24,-16.63167208148261
37344544280,672241,2025-03-03,-16.63156721670157
38280841811,672241,2024-11-25,1.2459043632854108
38280841811,672241,2024-12-02,1.3753550700188704
38280841811,672241,2024-12-09,1.5034924129932696
38280841811,672241,2024-12-16,1.6303164305634699
38280841811,672241,2024-12-23,1.7558265389521992
38280841811,672241,2024-12-30,1.8800227041758066
38280841811,672241,2025-01-06,2.0029044625818555
38280841811,672241,2025-01-13,2.1244717333647745
38280841811,672241,2025-01-20,2.2447245490540153
38280841811,672241,2025-01-27,2.3636633942714846
38280841811,672241,2025-02-03,2.4812883200608917
38280841811,672241,2025-02-10,3.0976016706756235
38280841811,672241,2025-02-17,2.712598032144963
38280841811,672241,2025-02-24,2.8262786984046344
38280841811,672241,2025-03-03,2.938646229523383
38281454130,672241,2024-11-25,0.05768835817692559
38281454130,672241,2024-12-02,0.05768873048845412
38281454130,672241,2024-12-09,0.05768903062299602
38281454130,672241,2024-12-16,0.057689265712363866
38281454130,672241,2024-12-23,0.05768945510285986
38281454130,672241,2024-12-30,0.057689590085555936
38281454130,672241,2025-01-06,0.05768965653267562
38281454130,672241,2025-01-13,0.5576905162263952
38281454130,672241,2025-01-20,0.05769007824360641
38281454130,672241,2025-01-27,0.05769043287544902
38281454130,672241,2025-02-03,0.05769072596327234
38281454130,672241,2025-02-10,0.057690970874659735
38281454130,672241,2025-02-17,0.057691170116691885
38281454130,672241,2025-02-24,0.05769132699867756
38281454130,672241,2025-03-03,0.05769143443623086
38282283940,672241,2024-11-25,-0.028958857477240536
38282283940,672241,2024-12-02,-0.028920582786248525
38282283940,672241,2024-12-09,-0.028888553322387957
38282283940,672241,2024-12-16,-0.028862282597031472
38282283940,672241,2024-12-23,-0.02884126488132603
38282283940,672241,2024-12-30,-0.028825005299651568
38282283940,672241,2025-01-06,-0.02881300562492459
38282283940,672241,2025-01-13,-0.028804769550220145
38282283940,672241,2025-01-20,-0.02879982866283895
38282283940,672241,2025-01-27,-0.028797725447634488
38282283940,672241,2025-02-03,-0.02879803137444065
38282283940,672241,2025-02-10,-0.028800323607314215
38282283940,672241,2025-02-17,-0.028804224496775575
38282283940,672241,2025-02-24,-0.02880937695778707
38282283940,672241,2025-03-03,-0.028815458926603633
38353593948,672241,2024-11-25,-0.0005531958409539239
38353593948,672241,2024-12-02,-0.0015175411528367544
38353593948,672241,2024-12-09,-0.002041778579150222
38353593948,672241,2024-12-16,-0.0021050710653502946
38353593948,672241,2024-12-23,-0.0023338863096136198
38353593948,672241,2024-12-30,-0.0023205046153096376
38353593948,672241,2025-01-06,-0.0014748888279529915
38353593948,672241,2025-01-13,-0.0004140316467489136
38353593948,672241,2025-01-20,0.0005074441923491602
38353593948,672241,2025-01-27,0.0017991894838873534
38353593948,672241,2025-02-03,0.0032518377797230436
38353593948,672241,2025-02-10,0.004224623767622004
38353593948,672241,2025-02-17,0.004997438819134725
38353593948,672241,2025-02-24,0.005890766408487513
38353593948,672241,2025-03-03,0.006910755734484297
38354014830,672241,2024-11-25,4.133219245648937
38354014830,672241,2024-12-02,6.13322354365678
38354014830,672241,2024-12-09,5.133274061300792
38354014830,672241,2024-12-16,4.13329041740824
38354014830,672241,2024-12-23,4.633427087335774
38354014830,672241,2024-12-30,4.63369347560762
38354014830,672241,2025-01-06,5.133884791600982
38354014830,672241,2025-01-13,5.134064104482829
38354014830,672241,2025-01-20,6.134305485531129
38354014830,672241,2025-01-27,7.134363384212867
38354014830,672241,2025-02-03,9.634339946211004
38354014830,672241,2025-02-10,9.634337094257809
38354014830,672241,2025-02-17,12.134409276633761
38354014830,672241,2025-02-24,8.134490256602321
38354014830,672241,2025-03-03,6.134596811073961
38354067981,672241,2024-11-25,16.405501838835324
38354067981,672241,2024-12-02,17.90647340314753
38354067981,672241,2024-12-09,17.905930044587073
38354067981,672241,2024-12-16,18.906170438203294
38354067981,672241,2024-12-23,19.405076411116017
38354067981,672241,2024-12-30,18.404314323747293
38354067981,672241,2025-01-06,21.903615576834376
38354067981,672241,2025-01-13,19.90342876525616
38354067981,672241,2025-01-20,22.403594793101433
38354067981,672241,2025-01-27,20.403867904277046
38354067981,672241,2025-02-03,17.90353038276707
38354067981,672241,2025-02-10,19.403450831538375
38354067981,672241,2025-02-17,18.9029557602341
38354067981,672241,2025-02-24,20.90215918718835
38354067981,672241,2025-03-03,19.90188419327962
38354074222,672241,2024-11-25,-0.04084634148914165
38354074222,672241,2024-12-02,-0.040855000869264274
38354074222,672241,2024-12-09,-0.04084990271703953
38354074222,672241,2024-12-16,-0.04085832524897681
38354074222,672241,2024-12-23,0.4591242417104266
38354074222,672241,2024-12-30,0.45912695343365334
38354074222,672241,2025-01-06,-0.040847823167301095
38354074222,672241,2025-01-13,-0.04081715373200695
38354074222,672241,2025-01-20,-0.040784379484765376
38354074222,672241,2025-01-27,-0.04073329580302801
38354074222,672241,2025-02-03,-0.040686538892122814
38354074222,672241,2025-02-10,-0.04064104897215601
38354074222,672241,2025-02-17,-0.04059659841451582
38354074222,672241,2025-02-24,-0.04058281549264586
38354074222,672241,2025-03-03,0.4594136871689972
38598934876,672241,2024-11-25,-0.05770121366243137
38598934876,672241,2024-12-02,-0.057699538161399305
38598934876,672241,2024-12-09,-0.05769805041951344
38598934876,672241,2024-12-16,-0.05769674165804982
38598934876,672241,2024-12-23,-0.05769560307374186
38598934876,672241,2024-12-30,-0.057694623736383656
38598934876,672241,2025-01-06,-0.05769379479596609
38598934876,672241,2025-01-13,-0.05769310044642676
38598934876,672241,2025-01-20,-0.0576925394564391
38598934876,672241,2025-01-27,-0.057692087673914635
38598934876,672241,2025-02-03,-0.05769173938920348
38598934876,672241,2025-02-10,-0.05769148186698053
38598934876,672241,2025-02-17,-0.057691351454641306
38598934876,672241,2025-02-24,-0.05769132092765958
38598934876,672241,2025-03-03,-0.0576913530516632
38599650318,672241,2024-11-25,0.0
38599650318,672241,2024-12-02,0.0
38599650318,672241,2024-12-09,0.0
38599650318,672241,2024-12-16,0.0
38599650318,672241,2024-12-23,0.0
38599650318,672241,2024-12-30,0.0
38599650318,672241,2025-01-06,0.0
38599650318,672241,2025-01-13,0.0
38599650318,672241,2025-01-20,0.0
38599650318,672241,2025-01-27,0.0
38599650318,672241,2025-02-03,0.0
38599650318,672241,2025-02-10,0.0
38599650318,672241,2025-02-17,0.0
38599650318,672241,2025-02-24,0.0
38599650318,672241,2025-03-03,0.0
38599735521,672241,2024-11-25,0.08327265735628449
38599735521,672241,2024-12-02,0.08385578874237289
38599735521,672241,2024-12-09,0.08438654596753839
38599735521,672241,2024-12-16,0.08486689201550739
38599735521,672241,2024-12-23,0.08529873853090944
38599735521,672241,2024-12-30,0.08568387552276151
38599735521,672241,2025-01-06,0.08602468602887903
38599735521,672241,2025-01-13,0.08632294371187578
38599735521,672241,2025-01-20,0.08658102515150946
38599735521,672241,2025-01-27,0.08680067691566058
38599735521,672241,2025-02-03,0.08698452057681037
38599735521,672241,2025-02-10,0.08713403637357167
38599735521,672241,2025-02-17,0.08725194725223016
38599735521,672241,2025-02-24,0.08733994702981247
38599735521,672241,2025-03-03,0.08740025738753131
38675272223,672241,2024-11-25,0.14422945377500423
38675272223,672241,2024-12-02,0.14422900115594317
38675272223,672241,2024-12-09,0.14422871829202075
38675272223,672241,2024-12-16,0.14422849595747333
38675272223,672241,2024-12-23,0.14422838254735879
38675272223,672241,2024-12-30,0.14422836767160604
38675272223,672241,2025-01-06,0.144228406331933
38675272223,672241,2025-01-13,0.14422850162139625
38675272223,672241,2025-01-20,0.14422863345755577
38675272223,672241,2025-01-27,0.14422877690734326
38675272223,672241,2025-02-03,0.14422890257505938
38675272223,672241,2025-02-10,0.14422902184646957
38675272223,672241,2025-02-17,0.14422915592591437
38675272223,672241,2025-02-24,0.14422935496557104
38675272223,672241,2025-03-03,0.14422945693646966
38676507640,672241,2024-11-25,0.12818026432632976
38676507640,672241,2024-12-02,0.13279772316821345
38676507640,672241,2024-12-09,0.13736143048651792
38676507640,672241,2024-12-16,0.1418713068307432
38676507640,672241,2024-12-23,0.14632731918603797
38676507640,672241,2024-12-30,0.1507294061237342
38676507640,672241,2025-01-06,0.15507755976271415
38676507640,672241,2025-01-13,0.15937177406290848
38676507640,672241,2025-01-20,0.16361200967337466
38676507640,672241,2025-01-27,0.16779851098395507
38676507640,672241,2025-02-03,0.17193106843414355
38676507640,672241,2025-02-10,0.17600947780942805
38676507640,672241,2025-02-17,0.18003396477040165
38676507640,672241,2025-02-24,0.18400474284276405
38676507640,672241,2025-03-03,0.18792162672864293
38676661854,672241,2024-11-25,0.5562124056388847
38676661854,672241,2024-12-02,0.5796128788928404
38676661854,672241,2024-12-09,0.6028138903647017
38676661854,672241,2024-12-16,0.6258149203858138
38676661854,672241,2024-12-23,0.648615651548955
38676661854,672241,2024-12-30,0.6712157569604517
38676661854,672241,2025-01-06,0.6936150804821531
38676661854,672241,2025-01-13,0.7158135481447813
38676661854,672241,2025-01-20,0.7378112672521115
38676661854,672241,2025-01-27,0.7596082655048373
38676661854,672241,2025-02-03,0.7812046806321841
38676661854,672241,2025-02-10,0.8026005533671794
38676661854,672241,2025-02-17,0.823795977233411
38676661854,672241,2025-02-24,0.8447909568743015
38676661854,672241,2025-03-03,0.8655852787514959
38676704412,672241,2024-11-25,0.28845943977189153
38676704412,672241,2024-12-02,0.288459470447224
38676704412,672241,2024-12-09,0.2884594613904713
38676704412,672241,2024-12-16,0.2884594383695859
38676704412,672241,2024-12-23,0.28845944933227086
38676704412,672241,2024-12-30,0.28845942885975745
38676704412,672241,2025-01-06,0.28845944843258015
38676704412,672241,2025-01-13,0.28845943864695944
38676704412,672241,2025-01-20,0.28845942611403863
38676704412,672241,2025-01-27,0.28845947748552725
38676704412,672241,2025-02-03,0.2884594563722177
38676704412,672241,2025-02-10,0.28845944056043477
38676704412,672241,2025-02-17,0.28845947272538575
38676704412,672241,2025-02-24,0.2884594612200397
38676704412,672241,2025-03-03,0.28845943541488583
38676726059,672241,2024-11-25,0.11569388722917096
38676726059,672241,2024-12-02,0.6158178322511455
38676726059,672241,2024-12-09,0.11567272811809623
38676726059,672241,2024-12-16,0.11563467953811166
38676726059,672241,2024-12-23,0.11559895276670937
38676726059,672241,2024-12-30,0.11556553776143881
38676726059,672241,2025-01-06,0.11553422263668185
38676726059,672241,2025-01-13,0.1155049986197626
38676726059,672241,2025-01-20,0.11547774505143343
38676726059,672241,2025-01-27,0.11545238129507022
38676726059,672241,2025-02-03,0.11542878843402038
38676726059,672241,2025-02-10,0.11540692249525626
38676726059,672241,2025-02-17,0.11538666819701442
38676726059,672241,2025-02-24,0.11536794583724971
38676726059,672241,2025-03-03,0.1153506674275026
38676919811,672241,2024-11-25,0.4903825683855453
38676919811,672241,2024-12-02,0.49038254457690267
38676919811,672241,2024-12-09,0.4903826171404382
38676919811,672241,2024-12-16,0.4903825467267309
38676919811,672241,2024-12-23,0.49038258717169836
38676919811,672241,2024-12-30,0.4903825554918093
38676919811,672241,2025-01-06,0.49038257488765014
38676919811,672241,2025-01-13,0.49038256687156023
38676919811,672241,2025-01-20,0.49038252421095113
38676919811,672241,2025-01-27,0.4903825621433108
38676919811,672241,2025-02-03,0.4903825336676718
38676919811,672241,2025-02-10,0.4903825392473067
38676919811,672241,2025-02-17,0.4903825862926051
38676919811,672241,2025-02-24,0.490382563036531
38676919811,672241,2025-03-03,0.49038253648418795
38676944496,672241,2024-11-25,1.908446566589846
38676944496,672241,2024-12-02,1.908464950316965
38676944496,672241,2024-12-09,1.908514333456526
38676944496,672241,2024-12-16,1.9085771741563244
38676944496,672241,2024-12-23,1.908646713195829
38676944496,672241,2024-12-30,1.9087194312924098
38676944496,672241,2025-01-06,1.9087943659482718
38676944496,672241,2025-01-13,1.9088720122978378
38676944496,672241,2025-01-20,1.9089518513735946
38676944496,672241,2025-01-27,1.9090364393914052
38676944496,672241,2025-02-03,1.909126979480427
38676944496,672241,2025-02-10,1.9092219489599795
38676944496,672241,2025-02-17,1.9093202625192216
38676944496,672241,2025-02-24,1.9094177560087155
38676944496,672241,2025-03-03,1.9095086461833395
38677029055,672241,2024-11-25,0.43193972130048797
38677029055,672241,2024-12-02,0.4322681088104675
38677029055,672241,2024-12-09,0.4324812218501564
38677029055,672241,2024-12-16,0.4326125680881227
38677029055,672241,2024-12-23,0.4326879950564393
38677029055,672241,2024-12-30,0.43272646245087576
38677029055,672241,2025-01-06,0.4327398194244491
38677029055,672241,2025-01-13,0.4327377022706012
38677029055,672241,2025-01-20,0.43272766847933597
38677029055,672241,2025-01-27,0.4327121752551396
38677029055,672241,2025-02-03,0.4326952227534
38677029055,672241,2025-02-10,0.4326786558106407
38677029055,672241,2025-02-17,0.43266278643256384
38677029055,672241,2025-02-24,0.43265049669507716
38677029055,672241,2025-03-03,0.43264257348154517
38677032646,672241,2024-11-25,0.6177348648806282
38677032646,672241,2024-12-02,0.6179350394196182
38677032646,672241,2024-12-09,0.6180278939358457
38677032646,672241,2024-12-16,0.6180626821859687
38677032646,672241,2024-12-23,0.6180699236877416
38677032646,672241,2024-12-30,0.6180704280654684
38677032646,672241,2025-01-06,0.6180728818758389
38677032646,672241,2025-01-13,0.6180770693926037
38677032646,672241,2025-01-20,0.6180900526265318
38677032646,672241,2025-01-27,0.618111936718794
38677032646,672241,2025-02-03,0.6181398768124421
38677032646,672241,2025-02-10,0.6181752809015623
38677032646,672241,2025-02-17,0.6182150169646045
38677032646,672241,2025-02-24,0.6182513016159876
38677032646,672241,2025-03-03,0.6182795325269586
38677051225,672241,2024-11-25,2.999949191475538
38677051225,672241,2024-12-02,2.9999135384852047
38677051225,672241,2024-12-09,2.999869534364111
38677051225,672241,2024-12-16,2.999815831375769
38677051225,672241,2024-12-23,2.999765648319888
38677051225,672241,2024-12-30,2.9997352671458164
38677051225,672241,2025-01-06,2.9997327548118258
38677051225,672241,2025-01-13,2.999762985935985
38677051225,672241,2025-01-20,2.9998134635898146
38677051225,672241,2025-01-27,2.999870872869248
38677051225,672241,2025-02-03,2.999927025159998
38677051225,672241,2025-02-10,2.999980741824143
38677051225,672241,2025-02-17,3.0000355649517956
38677051225,672241,2025-02-24,3.00009078793646
38677051225,672241,2025-03-03,3.000142287692565
38677090284,672241,2024-11-25,3.2253688809081673
38677090284,672241,2024-12-02,3.3129686378261995
38677090284,672241,2024-12-09,3.3993232531513495
38677090284,672241,2024-12-16,3.4844816672445975
38677090284,672241,2024-12-23,3.5684846041064584
38677090284,672241,2024-12-30,3.6513536329826617
38677090284,672241,2025-01-06,3.733108956916812
38677090284,672241,2025-01-13,3.813756165133395
38677090284,672241,2025-01-20,3.8933179729287435
38677090284,672241,2025-01-27,3.971797484129693
38677090284,672241,2025-02-03,4.049190948697621
38677090284,672241,2025-02-10,4.125513941165903
38677090284,672241,2025-02-17,4.200754625144822
38677090284,672241,2025-02-24,4.274918676343801
38677090284,672241,2025-03-03,4.347991789803257
38677235450,672241,2024-11-25,1.2851009934298256
38677235450,672241,2024-12-02,1.285150442643694
38677235450,672241,2024-12-09,1.2851534142617065
38677235450,672241,2024-12-16,1.2851679474013742
38677235450,672241,2024-12-23,1.285198228744012
38677235450,672241,2024-12-30,1.28523094637954
38677235450,672241,2025-01-06,1.2852608399646255
38677235450,672241,2025-01-13,1.2852824898213764
38677235450,672241,2025-01-20,1.285301578669744
38677235450,672241,2025-01-27,1.285310313493787
38677235450,672241,2025-02-03,1.2852985939466153
38677235450,672241,2025-02-10,1.2852828982592428
38677235450,672241,2025-02-17,1.2852712145241723
38677235450,672241,2025-02-24,1.285254241678726
38677235450,672241,2025-03-03,1.2852366395058823
38677320037,672241,2024-11-25,0.20193256894972897
38677320037,672241,2024-12-02,0.20193247924098046
38677320037,672241,2024-12-09,0.20193231971891312
38677320037,672241,2024-12-16,0.20193209095129694
38677320037,672241,2024-12-23,0.20193179859343438
38677320037,672241,2024-12-30,0.20193139647647562
38677320037,672241,2025-01-06,0.20193096016981318
38677320037,672241,2025-01-13,0.2019304493555633
38677320037,672241,2025-01-20,0.20192992990666692
38677320037,672241,2025-01-27,0.2019294194130994
38677320037,672241,2025-02-03,0.20192894421973667
38677320037,672241,2025-02-10,0.20192848710842126
38677320037,672241,2025-02-17,0.20192807559949627
38677320037,672241,2025-02-24,0.20192769671698416
38677320037,672241,2025-03-03,0.20192739207879226
38677419399,672241,2024-11-25,0.5576841266830653
38677419399,672241,2024-12-02,0.05768883784362055
38677419399,672241,2024-12-09,0.05769156907709843
38677419399,672241,2024-12-16,0.05769351750879016
38677419399,672241,2024-12-23,0.057694762110683216
38677419399,672241,2024-12-30,0.0576955040225505
38677419399,672241,2025-01-06,0.05769575048437594
38677419399,672241,2025-01-13,0.05769549856386584
38677419399,672241,2025-01-20,0.05769493830442261
38677419399,672241,2025-01-27,0.057694173097334114
38677419399,672241,2025-02-03,0.05769327210606055
38677419399,672241,2025-02-10,0.05769234322700404
38677419399,672241,2025-02-17,0.057691435130980205
38677419399,672241,2025-02-24,0.05769071307784551
38677419399,672241,2025-03-03,0.057690098154573606
38677459566,672241,2024-11-25,0.05765894402490522
38677459566,672241,2024-12-02,0.05767122946640253
38677459566,672241,2024-12-09,0.05768046493047359
38677459566,672241,2024-12-16,0.05768685412855634
38677459566,672241,2024-12-23,0.057690706590361254
38677459566,672241,2024-12-30,0.057692131665501994
38677459566,672241,2025-01-06,0.057693151435025875
38677459566,672241,2025-01-13,0.05769273277039583
38677459566,672241,2025-01-20,0.05768947382735942
38677459566,672241,2025-01-27,0.057686484844237856
38677459566,672241,2025-02-03,0.05768304417489879
38677459566,672241,2025-02-10,0.05767860711911228
38677459566,672241,2025-02-17,0.057674123786831566
38677459566,672241,2025-02-24,0.057669579483068126
38677459566,672241,2025-03-03,0.05766489419976775
38677463756,672241,2024-11-25,0.149477789547401
38677463756,672241,2024-12-02,0.151696610272521
38677463756,672241,2024-12-09,0.15367733274723303
38677463756,672241,2024-12-16,0.15543603879608264
38677463756,672241,2024-12-23,0.15698889434014945
38677463756,672241,2024-12-30,0.15544068563371988
38677463756,672241,2025-01-06,0.15080339868663606
38677463756,672241,2025-01-13,0.14890788998071736
38677463756,672241,2025-01-20,0.14976598477389746
38677463756,672241,2025-01-27,0.15048243742856138
38677463756,672241,2025-02-03,0.1510733435396741
38677463756,672241,2025-02-10,0.15155459999768855
38677463756,672241,2025-02-17,0.15194174450540204
38677463756,672241,2025-02-24,0.1493380578080439
38677463756,672241,2025-03-03,0.1466651864028959
38677465824,672241,2024-11-25,0.9462030229419043
38677465824,672241,2024-12-02,1.4790570332448543
38677465824,672241,2024-12-09,1.0115285547960202
38677465824,672241,2024-12-16,1.0436396525318057
38677465824,672241,2024-12-23,1.0753798305938616
38677465824,672241,2024-12-30,1.1067476684193418
38677465824,672241,2025-01-06,1.1377423963184037
38677465824,672241,2025-01-13,1.1683641220667838
38677465824,672241,2025-01-20,1.1986111422192636
38677465824,672241,2025-01-27,1.2284836811353224
38677465824,672241,2025-02-03,1.2579820057396942
38677465824,672241,2025-02-10,1.2871044352543026
38677465824,672241,2025-02-17,1.315852601238338
38677465824,672241,2025-02-24,1.3442259645611558
38677465824,672241,2025-03-03,1.3722241950143375
38781988859,672241,2024-11-25,19.999127444876244
38781988859,672241,2024-12-02,20.99857641877779
38781988859,672241,2024-12-09,22.998147403964072
38781988859,672241,2024-12-16,25.997791887041885
38781988859,672241,2024-12-23,27.49749135210692
38781988859,672241,2024-12-30,24.997130660662798
38781988859,672241,2025-01-06,23.99666118594223
38781988859,672241,2025-01-13,22.996242038025553
38781988859,672241,2025-01-20,22.995829328078667
38781988859,672241,2025-01-27,22.995476415378352
38781988859,672241,2025-02-03,20.49514050505691
38781988859,672241,2025-02-10,17.994784680912534
38781988859,672241,2025-02-17,17.994442105160786
38781988859,672241,2025-02-24,17.99402519589244
38781988859,672241,2025-03-03,17.9935203600153
38800819249,672241,2024-11-25,1.291476039513528
38800819249,672241,2024-12-02,1.3343412734527507
38800819249,672241,2024-12-09,1.376845761493805
38800819249,672241,2024-12-16,1.4189893889260483
38800819249,672241,2024-12-23,1.4607719549013
38800819249,672241,2024-12-30,1.5021933905134799
38800819249,672241,2025-01-06,1.543253509711451
38800819249,672241,2025-01-13,1.5839546020294901
38800819249,672241,2025-01-20,1.624294543004858
38800819249,672241,2025-01-27,1.6642737750709335
38800819249,672241,2025-02-03,1.7038936837085037
38800819249,672241,2025-02-10,1.7431513926044526
38800819249,672241,2025-02-17,1.7820480312604545
38800819249,672241,2025-02-24,1.8205868957747158
38800819249,672241,2025-03-03,1.8587669238326634
38800942867,672241,2024-11-25,0.13894544900297828
38800942867,672241,2024-12-02,0.13895447830379454
38800942867,672241,2024-12-09,0.1389633382591645
38800942867,672241,2024-12-16,0.13896903826249354
38800942867,672241,2024-12-23,0.1389709625030644
38800942867,672241,2024-12-30,0.1389695380015238
38800942867,672241,2025-01-06,0.13896556901579
38800942867,672241,2025-01-13,0.13895993475710633
38800942867,672241,2025-01-20,0.13895354764409154
38800942867,672241,2025-01-27,0.13894725289175242
38800942867,672241,2025-02-03,0.1389417655036761
38800942867,672241,2025-02-10,0.13893783238017773
38800942867,672241,2025-02-17,0.13893622869019776
38800942867,672241,2025-02-24,0.13893758333248193
38800942867,672241,2025-03-03,0.13894249698557082
38801183774,672241,2024-11-25,0.8409675494178037
38801183774,672241,2024-12-02,0.3409667317169709
38801183774,672241,2024-12-09,0.8409502605782722
38801183774,672241,2024-12-16,2.3409352759864506
38801183774,672241,2024-12-23,0.8409465867710328
38801183774,672241,2024-12-30,0.3409688812572954
38801183774,672241,2025-01-06,0.34095853988940816
38801183774,672241,2025-01-13,0.840935044250456
38801183774,672241,2025-01-20,0.8409198855085904
38801183774,672241,2025-01-27,0.3409171785596847
38801183774,672241,2025-02-03,0.8409124436132014
38801183774,672241,2025-02-10,1.3408986400330731
38801183774,672241,2025-02-17,1.3408901083742122
38801183774,672241,2025-02-24,0.8408749726414079
38801183774,672241,2025-03-03,1.8408640210915552
38801498118,672241,2024-11-25,0.6057678923998189
38801498118,672241,2024-12-02,1.1057682567515597
38801498118,672241,2024-12-09,0.6057680033872276
38801498118,672241,2024-12-16,1.6057687023966951
38801498118,672241,2024-12-23,0.6057679756222247
38801498118,672241,2024-12-30,1.1057684227978617
38801498118,672241,2025-01-06,0.6057680193681706
38801498118,672241,2025-01-13,0.6057681170533369
38801498118,672241,2025-01-20,1.1057684160198977
38801498118,672241,2025-01-27,0.6057678538960827
38801498118,672241,2025-02-03,1.1057683947439216
38801498118,672241,2025-02-10,0.6057680182717078
38801498118,672241,2025-02-17,0.6057679415038983
38801498118,672241,2025-02-24,0.6057679187521801
38801498118,672241,2025-03-03,0.6057680879507841
38801689265,672241,2024-11-25,2.9808292805917684
38801689265,672241,2024-12-02,0.9809041078036287
38801689265,672241,2024-12-09,0.9807755019492073
38801689265,672241,2024-12-16,0.9807092502883087
38801689265,672241,2024-12-23,0.9806991720445851
38801689265,672241,2024-12-30,1.9806013283275927
38801689265,672241,2025-01-06,1.4806744039936908
38801689265,672241,2025-01-13,1.480682428038549
38801689265,672241,2025-01-20,0.9807610046208498
38801689265,672241,2025-01-27,1.980673785498202
38801689265,672241,2025-02-03,1.480747112263734
38801689265,672241,2025-02-10,0.9808143719555691
38801689265,672241,2025-02-17,1.9807121237697596
38801689265,672241,2025-02-24,0.9808351573584722
38801689265,672241,2025-03-03,1.4807841194352647
38801749516,672241,2024-11-25,0.028674185232387878
38801749516,672241,2024-12-02,0.028701536163251426
38801749516,672241,2024-12-09,0.028727210472103706
38801749516,672241,2024-12-16,0.02875120849457466
38801749516,672241,2024-12-23,0.028773555758969088
38801749516,672241,2024-12-30,0.028794369734361433
38801749516,672241,2025-01-06,0.028813543035126066
38801749516,672241,2025-01-13,0.02883120443236474
38801749516,672241,2025-01-20,0.02884732652217621
38801749516,672241,2025-01-27,0.5288366271870784
38801749516,672241,2025-02-03,0.02887298890209658
38801749516,672241,2025-02-10,0.028884533668598236
38801749516,672241,2025-02-17,0.0288952543499775
38801749516,672241,2025-02-24,0.028906277387630186
38801749516,672241,2025-03-03,0.028916092875259425
38802030325,672241,2024-11-25,0.41321362075731205
38802030325,672241,2024-12-02,-0.0864978164105884
38802030325,672241,2024-12-09,-0.08643320985134634
38802030325,672241,2024-12-16,-0.08638200123857945
38802030325,672241,2024-12-23,-0.08634277287625688
38802030325,672241,2024-12-30,-0.08630925129291017
38802030325,672241,2025-01-06,-0.08627995458778573
38802030325,672241,2025-01-13,-0.08626287178604317
38802030325,672241,2025-01-20,-0.08625176160048595
38802030325,672241,2025-01-27,-0.08624528706359602
38802030325,672241,2025-02-03,-0.08624709548645404
38802030325,672241,2025-02-10,-0.0862656852484445
38802030325,672241,2025-02-17,-0.08629108381476605
38802030325,672241,2025-02-24,-0.08630364026392129
38802030325,672241,2025-03-03,-0.08633174245637489
38802044766,672241,2024-11-25,0.123020334830241
38802044766,672241,2024-12-02,0.12301407381400972
38802044766,672241,2024-12-09,0.12300832582145103
38802044766,672241,2024-12-16,0.12300465653249792
38802044766,672241,2024-12-23,0.12300533453128384
38802044766,672241,2024-12-30,0.12301376638107034
38802044766,672241,2025-01-06,1.1230283822371274
38802044766,672241,2025-01-13,0.6230332501552487
38802044766,672241,2025-01-20,1.1230326380281261
38802044766,672241,2025-01-27,0.12302305001623169
38802044766,672241,2025-02-03,0.12302121676921138
38802044766,672241,2025-02-10,0.6230266045003658
38802044766,672241,2025-02-17,0.12302766918200653
38802044766,672241,2025-02-24,0.12302958827152088
38802044766,672241,2025-03-03,0.12303259562929007
38802062486,672241,2024-11-25,1.0059524580922858
38802062486,672241,2024-12-02,1.0060322627836114
38802062486,672241,2024-12-09,1.0060895444364124
38802062486,672241,2024-12-16,1.0061343811029897
38802062486,672241,2024-12-23,1.0061800740135731
38802062486,672241,2024-12-30,2.0062851786868228
38802062486,672241,2025-01-06,2.0063172517203034
38802062486,672241,2025-01-13,2.00633360335666
38802062486,672241,2025-01-20,2.5063675014124467
38802062486,672241,2025-01-27,3.006368947624103
38802062486,672241,2025-02-03,1.0061970052723836
38802062486,672241,2025-02-10,1.0061567718300943
38802062486,672241,2025-02-17,1.0061556394832658
38802062486,672241,2025-02-24,1.0061865932852199
38802062486,672241,2025-03-03,2.0062898969842644
38802063648,672241,2024-11-25,1.2402952260553382
38802063648,672241,2024-12-02,1.2403161823461961
38802063648,672241,2024-12-09,1.240332662121947
38802063648,672241,2024-12-16,1.2403445240199165
38802063648,672241,2024-12-23,1.2403520794562521
38802063648,672241,2024-12-30,1.2403551679039249
38802063648,672241,2025-01-06,1.740361952787599
38802063648,672241,2025-01-13,1.7403605966052673
38802063648,672241,2025-01-20,2.2403664019224014
38802063648,672241,2025-01-27,2.240367932863678
38802063648,672241,2025-02-03,1.2403564380990437
38802063648,672241,2025-02-10,2.240372305678056
38802063648,672241,2025-02-17,1.2403599437282655
38802063648,672241,2025-02-24,1.240358610656408
38802063648,672241,2025-03-03,2.7403761413374577
38834652679,672241,2024-11-25,0.2529051128331289
38834652679,672241,2024-12-02,0.2528987919078545
38834652679,672241,2024-12-09,0.7528898394405301
38834652679,672241,2024-12-16,0.25289303922419004
38834652679,672241,2024-12-23,0.2528976877144567
38834652679,672241,2024-12-30,0.2528994314897516
38834652679,672241,2025-01-06,0.2528990590305448
38834652679,672241,2025-01-13,0.2528951554860467
38834652679,672241,2025-01-20,0.2528835700370733
38834652679,672241,2025-01-27,1.2528708127602364
38834652679,672241,2025-02-03,0.2528777431146828
38834652679,672241,2025-02-10,0.7528811716030432
38834652679,672241,2025-02-17,0.7528881713640067
38834652679,672241,2025-02-24,0.25290004797820476
38834652679,672241,2025-03-03,0.7529055186715138
38854310471,672241,2024-11-25,-0.05781494564100619
38854310471,672241,2024-12-02,-0.05774821952417987
38854310471,672241,2024-12-09,-0.057703822849398026
38854310471,672241,2024-12-16,-0.05767541943887652
38854310471,672241,2024-12-23,-0.05765839818625452
38854310471,672241,2024-12-30,-0.05764936434444398
38854310471,672241,2025-01-06,-0.05764571699563095
38854310471,672241,2025-01-13,-0.05764570731646246
38854310471,672241,2025-01-20,-0.05764801345279547
38854310471,672241,2025-01-27,-0.05765186831676847
38854310471,672241,2025-02-03,-0.057656624360984246
38854310471,672241,2025-02-10,-0.057661962029760136
38854310471,672241,2025-02-17,-0.057667044736820126
38854310471,672241,2025-02-24,-0.0576711349420981
38854310471,672241,2025-03-03,-0.05767639831768534
38854484797,672241,2024-11-25,-0.029162417303014436
38854484797,672241,2024-12-02,-0.029110947875659703
38854484797,672241,2024-12-09,-0.02906008125273607
38854484797,672241,2024-12-16,-0.029009828245213445
38854484797,672241,2024-12-23,-0.028960234712833557
38854484797,672241,2024-12-30,-0.02891129751251595
38854484797,672241,2025-01-06,-0.028863062278945282
38854484797,672241,2025-01-13,-0.028815516782503922
38854484797,672241,2025-01-20,-0.028768697812563998
38854484797,672241,2025-01-27,-0.02872258834953765
38854484797,672241,2025-02-03,-0.02867721825018844
38854484797,672241,2025-02-10,-0.028572661328002333
38854484797,672241,2025-02-17,-0.028468728217865676
38854484797,672241,2025-02-24,-0.028425253327139872
38854484797,672241,2025-03-03,-0.02850213267865681
38854578923,672241,2024-11-25,-0.31731590695726697
38854578923,672241,2024-12-02,-0.31731558637053664
38854578923,672241,2024-12-09,-0.31731535481187434
38854578923,672241,2024-12-16,-0.3173150257023111
38854578923,672241,2024-12-23,-0.3173154503994576
38854578923,672241,2024-12-30,-0.31731514661380406
38854578923,672241,2025-01-06,0.18270523372652203
38854578923,672241,2025-01-13,-0.3173146858869591
38854578923,672241,2025-01-20,-0.3173142473450858
38854578923,672241,2025-01-27,-0.3173135300380027
38854578923,672241,2025-02-03,-0.3173129438303002
38854578923,672241,2025-02-10,-0.31731234101718353
38854578923,672241,2025-02-17,-0.31731244283332943
38854578923,672241,2025-02-24,-0.3173124552227228
38854578923,672241,2025-03-03,-0.3173120424186936
38854638939,672241,2024-11-25,0.30345204767928713
38854638939,672241,2024-12-02,0.30346269816438665
38854638939,672241,2024-12-09,0.30356494732503586
38854638939,672241,2024-12-16,0.3036826837610777
38854638939,672241,2024-12-23,0.30378725583878474
38854638939,672241,2024-12-30,0.3038790666687165
38854638939,672241,2025-01-06,0.8039634587491246
38854638939,672241,2025-01-13,0.3039483587241482
38854638939,672241,2025-01-20,0.30393998526731736
38854638939,672241,2025-01-27,0.30393775237608645
38854638939,672241,2025-02-03,0.3039360012795765
38854638939,672241,2025-02-10,0.303933642671287
38854638939,672241,2025-02-17,0.3039317303082225
38854638939,672241,2025-02-24,0.30393259468111994
38854638939,672241,2025-03-03,0.3039364878994801
38854719931,672241,2024-11-25,0.057678267990662245
38854719931,672241,2024-12-02,0.05768103481000039
38854719931,672241,2024-12-09,0.05768330005759856
38854719931,672241,2024-12-16,0.05768518644998721
38854719931,672241,2024-12-23,0.05768671391103074
38854719931,672241,2024-12-30,0.057687959810334165
38854719931,672241,2025-01-06,0.057688960695191985
38854719931,672241,2025-01-13,0.05768978150591121
38854719931,672241,2025-01-20,0.05769044916166953
38854719931,672241,2025-01-27,0.05769092886494172
38854719931,672241,2025-02-03,0.05769131887529916
38854719931,672241,2025-02-10,0.05769172552831241
38854719931,672241,2025-02-17,0.057692178556818144
38854719931,672241,2025-02-24,0.05769269402179676
38854719931,672241,2025-03-03,1.057701222657414
38854871121,672241,2024-11-25,0.08668482561416117
38854871121,672241,2024-12-02,0.08664666637420264
38854871121,672241,2024-12-09,0.08661707170123578
38854871121,672241,2024-12-16,0.08659562959975273
38854871121,672241,2024-12-23,0.08658193290019695
38854871121,672241,2024-12-30,0.0865755564876125
38854871121,672241,2025-01-06,0.08657609159627956
38854871121,672241,2025-01-13,0.0865840493237896
38854871121,672241,2025-01-20,0.5865478771807306
38854871121,672241,2025-01-27,0.08659711297378722
38854871121,672241,2025-02-03,0.08660075557954072
38854871121,672241,2025-02-10,0.08660949414469724
38854871121,672241,2025-02-17,0.08662344991985292
38854871121,672241,2025-02-24,0.08664118681802999
38854871121,672241,2025-03-03,0.586611676466791
38873536553,672241,2024-11-25,0.0
38873536553,672241,2024-12-02,0.0
38873536553,672241,2024-12-09,0.0
38873536553,672241,2024-12-16,0.0
38873536553,672241,2024-12-23,0.0
38873536553,672241,2024-12-30,0.0
38873536553,672241,2025-01-06,0.0
38873536553,672241,2025-01-13,0.0
38873536553,672241,2025-01-20,0.0
38873536553,672241,2025-01-27,0.0
38873536553,672241,2025-02-03,0.0
38873536553,672241,2025-02-10,0.0
38873536553,672241,2025-02-17,0.0
38873536553,672241,2025-02-24,0.0
38873536553,672241,2025-03-03,0.0
38874052232,672241,2024-11-25,-0.5189288197134019
38874052232,672241,2024-12-02,-0.5189540878764444
38874052232,672241,2024-12-09,-0.5189712443467362
38874052232,672241,2024-12-16,-0.5189841979634424
38874052232,672241,2024-12-23,-0.5189955331368747
38874052232,672241,2024-12-30,-0.5190064551451575
38874052232,672241,2025-01-06,-0.5190175827052396
38874052232,672241,2025-01-13,-0.5190289254789981
38874052232,672241,2025-01-20,-0.5190394939482238
38874052232,672241,2025-01-27,-0.519049915449989
38874052232,672241,2025-02-03,-0.5190608982905978
38874052232,672241,2025-02-10,-0.51907174463554
38874052232,672241,2025-02-17,-0.5190825084242818
38874052232,672241,2025-02-24,-0.5190935622539758
38874052232,672241,2025-03-03,-0.5191051540283349
39231034278,672241,2024-11-25,0.5902843661970475
39231034278,672241,2024-12-02,0.6077877357820335
39231034278,672241,2024-12-09,0.6250858077874314
39231034278,672241,2024-12-16,0.6421781798315054
39231034278,672241,2024-12-23,0.6590648812168213
39231034278,672241,2024-12-30,0.675745670310436
39231034278,672241,2025-01-06,0.6922203247070218
39231034278,672241,2025-01-13,0.708488752148111
39231034278,672241,2025-01-20,0.7245505941636425
39231034278,672241,2025-01-27,0.7404056648713206
39231034278,672241,2025-02-03,0.7560536399955712
39231034278,672241,2025-02-10,0.7714941183576638
39231034278,672241,2025-02-17,0.78672669680866
39231034278,672241,2025-02-24,1.3017566890733783
39231034278,672241,2025-03-03,0.8165724851950904
39233070674,672241,2024-11-25,0.23457306246865106
39233070674,672241,2024-12-02,0.23455307271065728
39233070674,672241,2024-12-09,0.7345273622230895
39233070674,672241,2024-12-16,0.23454822561210595
39233070674,672241,2024-12-23,0.2345620670853372
39233070674,672241,2024-12-30,1.2345353257428762
39233070674,672241,2025-01-06,0.2345803803812691
39233070674,672241,2025-01-13,0.7345663948483636
39233070674,672241,2025-01-20,0.734566232389444
39233070674,672241,2025-01-27,0.23458366486171345
39233070674,672241,2025-02-03,0.2345883091070472
39233070674,672241,2025-02-10,0.734573723867892
39233070674,672241,2025-02-17,0.23459551915942295
39233070674,672241,2025-02-24,0.2346006339870221
39233070674,672241,2025-03-03,0.2346100638216282
39233433918,672241,2024-11-25,0.23075263133188625
39233433918,672241,2024-12-02,0.23074882946965602
39233433918,672241,2024-12-09,0.23074617370320527
39233433918,672241,2024-12-16,0.7307413045534299
39233433918,672241,2024-12-23,0.23074241709586674
39233433918,672241,2024-12-30,0.23074122864050925
39233433918,672241,2025-01-06,0.23074103749940839
39233433918,672241,2025-01-13,0.7307384200264546
39233433918,672241,2025-01-20,0.23074157273863613
39233433918,672241,2025-01-27,0.2307421770766005
39233433918,672241,2025-02-03,0.23074349176160824
39233433918,672241,2025-02-10,0.2307455061873543
39233433918,672241,2025-02-17,0.7307447022505212
39233433918,672241,2025-02-24,0.2307492830737156
39233433918,672241,2025-03-03,0.23075089171218086
39233458243,672241,2024-11-25,0.5768765891525857
39233458243,672241,2024-12-02,0.576878921115906
39233458243,672241,2024-12-09,0.5768805787940465
39233458243,672241,2024-12-16,0.5768816103120648
39233458243,672241,2024-12-23,0.5768828272198421
39233458243,672241,2024-12-30,0.5768835723625813
39233458243,672241,2025-01-06,0.5768843645214573
39233458243,672241,2025-01-13,0.5768848801355779
39233458243,672241,2025-01-20,2.5769433865578235
39233458243,672241,2025-01-27,0.5768862671551183
39233458243,672241,2025-02-03,0.5768875037252656
39233458243,672241,2025-02-10,0.5768883387725963
39233458243,672241,2025-02-17,1.0769030377657216
39233458243,672241,2025-02-24,0.5768893849795147
39233458243,672241,2025-03-03,0.5768898009253671
39233855712,672241,2024-11-25,0.7779159401474383
39233855712,672241,2024-12-02,1.2786761742881327
39233855712,672241,2024-12-09,0.7796322270640088
39233855712,672241,2024-12-16,0.7799804734666239
39233855712,672241,2024-12-23,0.7801164865733388
39233855712,672241,2024-12-30,0.7801308563852978
39233855712,672241,2025-01-06,0.7800927278247709
39233855712,672241,2025-01-13,1.7792751183297961
39233855712,672241,2025-01-20,2.278624927871332
39233855712,672241,2025-01-27,0.779405947231716
39233855712,672241,2025-02-03,1.2789911453392593
39233855712,672241,2025-02-10,0.7792370893573685
39233855712,672241,2025-02-17,1.7784583618096834
39233855712,672241,2025-02-24,1.2786309099927216
39233855712,672241,2025-03-03,0.7789217453622093
39234021695,672241,2024-11-25,-0.34698391215676
39234021695,672241,2024-12-02,-0.3469302955343166
39234021695,672241,2024-12-09,-0.34684115977039043
39234021695,672241,2024-12-16,-0.3468250356926582
39234021695,672241,2024-12-23,-0.34681751201251815
39234021695,672241,2024-12-30,-0.3467994153058697
39234021695,672241,2025-01-06,-0.34677625451942146
39234021695,672241,2025-01-13,-0.346752551903036
39234021695,672241,2025-01-20,-0.34672361365427706
39234021695,672241,2025-01-27,-0.3466777774003201
39234021695,672241,2025-02-03,-0.3466317198050982
39234021695,672241,2025-02-10,-0.34661628162138836
39234021695,672241,2025-02-17,0.15342562628854722
39234021695,672241,2025-02-24,1.653348780187848
39234021695,672241,2025-03-03,-0.34656686888630184
39267672963,672241,2024-11-25,0.05768885662238452
39267672963,672241,2024-12-02,0.05768895061188774
39267672963,672241,2024-12-09,0.057689004781723105
39267672963,672241,2024-12-16,0.05768899873699188
39267672963,672241,2024-12-23,0.5576896778983552
39267672963,672241,2024-12-30,0.057689086739537807
39267672963,672241,2025-01-06,0.05768918166368341
39267672963,672241,2025-01-13,0.05768920067465234
39267672963,672241,2025-01-20,0.057689181178888195
39267672963,672241,2025-01-27,0.057689127075164603
39267672963,672241,2025-02-03,0.05768904693831984
39267672963,672241,2025-02-10,0.05768895082303978
39267672963,672241,2025-02-17,0.057688873404384645
39267672963,672241,2025-02-24,0.057688816404551084
39267672963,672241,2025-03-03,0.057688772058619546
39267673237,672241,2024-11-25,0.02858138024109779
39267673237,672241,2024-12-02,0.028607169442083608
39267673237,672241,2024-12-09,0.028631797998497605
39267673237,672241,2024-12-16,0.028655839266499616
39267673237,672241,2024-12-23,0.02867984309229902
39267673237,672241,2024-12-30,0.0287041749811337
39267673237,672241,2025-01-06,1.0286792786338572
39267673237,672241,2025-01-13,0.02872052665505344
39267673237,672241,2025-01-20,0.028713001384801214
39267673237,672241,2025-01-27,0.028706957787583885
39267673237,672241,2025-02-03,0.028702595132763326
39267673237,672241,2025-02-10,0.028700054055713305
39267673237,672241,2025-02-17,0.028699364313976808
39267673237,672241,2025-02-24,0.02870054080002818
39267673237,672241,2025-03-03,0.02870400254232454
39267673893,672241,2024-11-25,0.4216424926267964
39267673893,672241,2024-12-02,-0.10140495068808209
39267673893,672241,2024-12-09,-0.12414462972413887
39267673893,672241,2024-12-16,1.353410943972315
39267673893,672241,2024-12-23,-0.16867156013269516
39267673893,672241,2024-12-30,0.30953578774919044
39267673893,672241,2025-01-06,-0.21192505628389957
39267673893,672241,2025-01-13,0.266917861671507
39267673893,672241,2025-01-20,-0.2539075943216468
39267673893,672241,2025-01-27,-0.2744231224142853
39267673893,672241,2025-02-03,-0.2946220043878241
39267673893,672241,2025-02-10,0.18548776381823834
39267673893,672241,2025-02-17,-0.33407187586897524
39267673893,672241,2025-02-24,-0.35332348257966006
39267673893,672241,2025-03-03,-0.3722608898088031
39267674193,672241,2024-11-25,0.09173244129374726
39267674193,672241,2024-12-02,0.09542805187392561
39267674193,672241,2024-12-09,0.09908255553561256
39267674193,672241,2024-12-16,0.10269590187117328
39267674193,672241,2024-12-23,0.10626805804023495
39267674193,672241,2024-12-30,0.10979900135321437
39267674193,672241,2025-01-06,0.11328870837133447
39267674193,672241,2025-01-13,0.11673716320595867
39267674193,672241,2025-01-20,0.12014438134763747
39267674193,672241,2025-01-27,0.1235103545114051
39267674193,672241,2025-02-03,0.12683507449686982
39267674193,672241,2025-02-10,0.1301185658433131
39267674193,672241,2025-02-17,0.13336083381165037
39267674193,672241,2025-02-24,0.13656188191381707
39267674193,672241,2025-03-03,0.1397219341203023
39267674431,672241,2024-11-25,0.09629684798956316
39267674431,672241,2024-12-02,0.09671616338265301
39267674431,672241,2024-12-09,0.09708653397997384
39267674431,672241,2024-12-16,0.09740937431231064
39267674431,672241,2024-12-23,0.09768618027794351
39267674431,672241,2024-12-30,0.09791845743057119
39267674431,672241,2025-01-06,0.0981077123852554
39267674431,672241,2025-01-13,0.09825547558176469
39267674431,672241,2025-01-20,0.09836328745341763
39267674431,672241,2025-01-27,0.09843263490901541
39267674431,672241,2025-02-03,0.09846504032384079
39267674431,672241,2025-02-10,0.09846199549022694
39267674431,672241,2025-02-17,0.09842496339267928
39267674431,672241,2025-02-24,0.6248937021515046
39267674431,672241,2025-03-03,0.09826198806665437
39267674723,672241,2024-11-25,0.4753391678596333
39267674723,672241,2024-12-02,0.4753416905845999
39267674723,672241,2024-12-09,0.4753412921811658
39267674723,672241,2024-12-16,0.4753380735231783
39267674723,672241,2024-12-23,0.47533350621889003
39267674723,672241,2024-12-30,0.4753280004588667
39267674723,672241,2025-01-06,0.47532168169035466
39267674723,672241,2025-01-13,0.4753151940203893
39267674723,672241,2025-01-20,0.4753090101302701
39267674723,672241,2025-01-27,0.47530267667953935
39267674723,672241,2025-02-03,0.47529723504633853
39267674723,672241,2025-02-10,0.4752919025665375
39267674723,672241,2025-02-17,0.4752870162450359
39267674723,672241,2025-02-24,0.4752821383543606
39267674723,672241,2025-03-03,0.4752773872190758
39267675034,672241,2024-11-25,0.519269492901612
39267675034,672241,2024-12-02,0.5192687005456386
39267675034,672241,2024-12-09,0.5192678893512186
39267675034,672241,2024-12-16,0.5192666450090669
39267675034,672241,2024-12-23,0.5192652567703457
39267675034,672241,2024-12-30,0.5192639012964815
39267675034,672241,2025-01-06,0.5192622168618148
39267675034,672241,2025-01-13,0.5192607987559839
39267675034,672241,2025-01-20,0.5192595973386553
39267675034,672241,2025-01-27,0.5192585456630395
39267675034,672241,2025-02-03,0.5192574775401895
39267675034,672241,2025-02-10,0.5192563160102671
39267675034,672241,2025-02-17,0.5192551474795852
39267675034,672241,2025-02-24,0.5192540562810986
39267675034,672241,2025-03-03,0.5192533305892381
39814768574,672241,2024-11-25,9.107630248512946
39814768574,672241,2024-12-02,4.107926301682253
39814768574,672241,2024-12-09,5.108173638750682
39814768574,672241,2024-12-16,6.608450140035079
39814768574,672241,2024-12-23,7.10858387809682
39814768574,672241,2024-12-30,8.108643481176857
39814768574,672241,2025-01-06,6.608422623240239
39814768574,672241,2025-01-13,3.6080811991493786
39814768574,672241,2025-01-20,6.608058636328997
39814768574,672241,2025-01-27,4.607759443529554
39814768574,672241,2025-02-03,5.10758200725866
39814768574,672241,2025-02-10,4.107393003171729
39814768574,672241,2025-02-17,4.107275678914457
39814768574,672241,2025-02-24,3.1071620364552754
39814768574,672241,2025-03-03,4.607235713852681
40000050358,672241,2024-11-25,0.05778938052698226
40000050358,672241,2024-12-02,0.05777148216697165
40000050358,672241,2024-12-09,0.05775516207351575
40000050358,672241,2024-12-16,0.05774038823440611
40000050358,672241,2024-12-23,0.05772710274383881
40000050358,672241,2024-12-30,0.05771527960118699
40000050358,672241,2025-01-06,0.05770488484705899
40000050358,672241,2025-01-13,0.05769586655759584
40000050358,672241,2025-01-20,0.05768818820153718
40000050358,672241,2025-01-27,0.05768180464230919
40000050358,672241,2025-02-03,0.057676676115626754
40000050358,672241,2025-02-10,0.057672775313813415
40000050358,672241,2025-02-17,0.05767003713291463
40000050358,672241,2025-02-24,0.057668443900602204
40000050358,672241,2025-03-03,0.05766794549724334
40154920524,672241,2024-11-25,0.8663863625085141
40154920524,672241,2024-12-02,0.8655436296273675
40154920524,672241,2024-12-09,1.365239405041459
40154920524,672241,2024-12-16,0.8652676791848577
40154920524,672241,2024-12-23,1.365392867547779
40154920524,672241,2024-12-30,0.8656116584195694
40154920524,672241,2025-01-06,0.8657904008531476
40154920524,672241,2025-01-13,1.3659591291760498
40154920524,672241,2025-01-20,0.8661122027605404
40154920524,672241,2025-01-27,0.8661772530063767
40154920524,672241,2025-02-03,0.8662535480362255
40154920524,672241,2025-02-10,1.3663521873241993
40154920524,672241,2025-02-17,2.3664604286635997
40154920524,672241,2025-02-24,1.8665194702624746
40154920524,672241,2025-03-03,0.8664190239306194
40154921194,672241,2024-11-25,1.240564789912142
40154921194,672241,2024-12-02,1.2405385115361673
40154921194,672241,2024-12-09,1.2405204658522617
40154921194,672241,2024-12-16,1.240503968494828
40154921194,672241,2024-12-23,1.2404879412375334
40154921194,672241,2024-12-30,1.7404613165423892
40154921194,672241,2025-01-06,1.2404583883957483
40154921194,672241,2025-01-13,3.2403953371671
40154921194,672241,2025-01-20,3.2403884040802504
40154921194,672241,2025-01-27,1.7404292236881447
40154921194,672241,2025-02-03,1.7404341452403966
40154921194,672241,2025-02-10,2.240429209185398
40154921194,672241,2025-02-17,1.740450773673386
40154921194,672241,2025-02-24,1.7404607729367472
40154921194,672241,2025-03-03,1.2404847084059272
40545530187,672241,2024-11-25,0.08584829070752056
40545530187,672241,2024-12-02,0.08588478835866512
40545530187,672241,2024-12-09,0.08592411690939868
40545530187,672241,2024-12-16,0.08596620887106331
40545530187,672241,2024-12-23,0.0860110369408945
40545530187,672241,2024-12-30,0.08605858022325374
40545530187,672241,2025-01-06,0.08610879441768746
40545530187,672241,2025-01-13,0.5859168333102444
40545530187,672241,2025-01-20,0.08618362266864184
40545530187,672241,2025-01-27,0.08620769827782976
40545530187,672241,2025-02-03,0.08623435049869758
40545530187,672241,2025-02-10,0.0862635216524247
40545530187,672241,2025-02-17,0.0862951967090789
40545530187,672241,2025-02-24,0.08632933152880624
40545530187,672241,2025-03-03,0.08636594337253828
40545530450,672241,2024-11-25,0.02883341035992224
40545530450,672241,2024-12-02,0.02883522580891976
40545530450,672241,2024-12-09,0.028836926414591593
40545530450,672241,2024-12-16,0.028838512024077462
40545530450,672241,2024-12-23,0.028839978913492503
40545530450,672241,2024-12-30,0.02884132598216791
40545530450,672241,2025-01-06,0.02884255063810036
40545530450,672241,2025-01-13,0.028843651420275115
40545530450,672241,2025-01-20,0.028844624820953683
40545530450,672241,2025-01-27,0.02884546849249489
40545530450,672241,2025-02-03,0.028846182203414908
40545530450,672241,2025-02-10,0.028846757199689765
40545530450,672241,2025-02-17,0.028847199717517185
40545530450,672241,2025-02-24,0.02884750701699553
40545530450,672241,2025-03-03,0.028847834402071806
40790539263,672241,2024-11-25,2.177640095472252
40790539263,672241,2024-12-02,2.677597715414606
40790539263,672241,2024-12-09,2.6775378393950664
40790539263,672241,2024-12-16,3.177552493973641
40790539263,672241,2024-12-23,2.67746296999284
40790539263,672241,2024-12-30,3.1774907948402644
40790539263,672241,2025-01-06,2.1773716723657466
40790539263,672241,2025-01-13,2.1773003975760554
40790539263,672241,2025-01-20,3.177274670696676
40790539263,672241,2025-01-27,3.6772513520588763
40790539263,672241,2025-02-03,2.67713685139665
40790539263,672241,2025-02-10,2.677139253667276
40790539263,672241,2025-02-17,2.1770815582862775
40790539263,672241,2025-02-24,2.1770583692794383
40790539263,672241,2025-03-03,2.677094717594299
41273567751,672241,2024-11-25,8.714517537270556
41273567751,672241,2024-12-02,9.287667755819681
41273567751,672241,2024-12-09,9.855116296911545
41273567751,672241,2024-12-16,10.416796460003171
41273567751,672241,2024-12-23,10.972652242796505
41273567751,672241,2024-12-30,11.52265330932196
41273567751,672241,2025-01-06,12.066802520314058
41273567751,672241,2025-01-13,12.605133397971974
41273567751,672241,2025-01-20,13.137685681349097
41273567751,672241,2025-01-27,13.66444736348155
41273567751,672241,2025-02-03,15.185383709709393
41273567751,672241,2025-02-10,16.700530371367336
41273567751,672241,2025-02-17,16.709815208285633
41273567751,672241,2025-02-24,19.713298836188066
41273567751,672241,2025-03-03,16.71102998693909
41273568359,672241,2024-11-25,1.326904710084911
41273568359,672241,2024-12-02,1.3269080314510573
41273568359,672241,2024-12-09,1.3269111609104716
41273568359,672241,2024-12-16,1.3269148569048794
41273568359,672241,2024-12-23,1.3269176347186664
41273568359,672241,2024-12-30,1.3269201952484786
41273568359,672241,2025-01-06,1.3269219765548699
41273568359,672241,2025-01-13,1.3269241121530808
41273568359,672241,2025-01-20,1.3269254458361537
41273568359,672241,2025-01-27,1.3269266241648143
41273568359,672241,2025-02-03,1.8269200956692266
41273568359,672241,2025-02-10,3.32689715511781
41273568359,672241,2025-02-17,1.826912722693063
41273568359,672241,2025-02-24,2.826897058745129
41273568359,672241,2025-03-03,1.326914329700704
41273568614,672241,2024-11-25,1.5267204419221287
41273568614,672241,2024-12-02,1.5266872564480678
41273568614,672241,2024-12-09,1.5266652343860965
41273568614,672241,2024-12-16,1.5266511670111471
41273568614,672241,2024-12-23,1.5266440876319978
41273568614,672241,2024-12-30,1.5266429907160188
41273568614,672241,2025-01-06,1.526646442455885
41273568614,672241,2025-01-13,1.526654037867479
41273568614,672241,2025-01-20,1.526668348770718
41273568614,672241,2025-01-27,2.026657841881982
41273568614,672241,2025-02-03,2.0266707018110863
41273568614,672241,2025-02-10,2.0266743327909067
41273568614,672241,2025-02-17,2.0266715508780613
41273568614,672241,2025-02-24,1.5266976041582105
41273568614,672241,2025-03-03,2.0266697195757843
41276985638,672241,2024-11-25,0.3460518101096197
41276985638,672241,2024-12-02,0.34604592799224293
41276985638,672241,2024-12-09,0.3460424646562279
41276985638,672241,2024-12-16,0.34604083968679555
41276985638,672241,2024-12-23,0.3460407213993061
41276985638,672241,2024-12-30,0.34604163648686403
41276985638,672241,2025-01-06,0.8460580527907859
41276985638,672241,2025-01-13,0.3460453097763744
41276985638,672241,2025-01-20,0.3460476881839869
41276985638,672241,2025-01-27,0.8460652361092612
41276985638,672241,2025-02-03,0.8460679054079672
41276985638,672241,2025-02-10,0.3460559313187883
41276985638,672241,2025-02-17,0.8460731874504208
41276985638,672241,2025-02-24,0.3460605329607268
41276985638,672241,2025-03-03,0.8460771143436536
41491392694,672241,2024-11-25,10.081369502962293
41491392694,672241,2024-12-02,10.081089042568102
41491392694,672241,2024-12-09,10.080243050254234
41491392694,672241,2024-12-16,10.079709699138792
41491392694,672241,2024-12-23,10.079133167964203
41491392694,672241,2024-12-30,10.078592879966545
41491392694,672241,2025-01-06,10.078100680829282
41491392694,672241,2025-01-13,10.077675897986513
41491392694,672241,2025-01-20,10.0772864017826
41491392694,672241,2025-01-27,10.076992673905902
41491392694,672241,2025-02-03,10.076793565410561
41491392694,672241,2025-02-10,11.076574512808545
41491392694,672241,2025-02-17,11.57647169374546
41491392694,672241,2025-02-24,10.57648644104805
41491392694,672241,2025-03-03,10.576522475156255
41491392968,672241,2024-11-25,4.861319199521958
41491392968,672241,2024-12-02,5.000131273984026
41491392968,672241,2024-12-09,5.137231893559277
41491392968,672241,2024-12-16,5.272650917858259
41491392968,672241,2024-12-23,5.406395403054844
41491392968,672241,2024-12-30,5.538466579568022
41491392968,672241,2025-01-06,5.6688801085008125
41491392968,672241,2025-01-13,5.797621384602325
41491392968,672241,2025-01-20,5.924697980649401
41491392968,672241,2025-01-27,6.050098301293504
41491392968,672241,2025-02-03,6.173821668298494
41491392968,672241,2025-02-10,6.295869083256885
41491392968,672241,2025-02-17,6.4162443018024975
41491392968,672241,2025-02-24,6.534932123892738
41491392968,672241,2025-03-03,6.651931281954939
41491393273,672241,2024-11-25,9.000096468978489
41491393273,672241,2024-12-02,9.000101361950028
41491393273,672241,2024-12-09,9.000046299322502
41491393273,672241,2024-12-16,8.999938104037934
41491393273,672241,2024-12-23,8.999836729948006
41491393273,672241,2024-12-30,8.999754768868382
41491393273,672241,2025-01-06,8.999693137770269
41491393273,672241,2025-01-13,8.999643490788154
41491393273,672241,2025-01-20,8.999597953190937
41491393273,672241,2025-01-27,8.99965123740886
41491393273,672241,2025-02-03,8.999750556622486
41491393273,672241,2025-02-10,8.999922869077206
41491393273,672241,2025-02-17,9.500107474217787
41491393273,672241,2025-02-24,9.500311608332403
41491393273,672241,2025-03-03,9.500564501786076
41491394123,672241,2024-11-25,0.5993970965339692
41491394123,672241,2024-12-02,0.5995093353281594
41491394123,672241,2024-12-09,0.599612009742147
41491394123,672241,2024-12-16,0.5996861165460357
41491394123,672241,2024-12-23,0.5997265973525017
41491394123,672241,2024-12-30,0.5997628290512793
41491394123,672241,2025-01-06,0.5998125042946578
41491394123,672241,2025-01-13,0.5999149187415326
41491394123,672241,2025-01-20,0.6000685301074331
41491394123,672241,2025-01-27,0.6002196246295124
41491394123,672241,2025-02-03,0.6003336442624043
41491394123,672241,2025-02-10,0.6004223940472155
41491394123,672241,2025-02-17,0.6004574329845489
41491394123,672241,2025-02-24,0.600494332586976
41491394123,672241,2025-03-03,1.1004191890629804
41513223318,672241,2024-11-25,1.6072720075579265
41513223318,672241,2024-12-02,1.6076811924822596
41513223318,672241,2024-12-09,1.6079232480490429
41513223318,672241,2024-12-16,1.6080805789272745
41513223318,672241,2024-12-23,1.6081903218049403
41513223318,672241,2024-12-30,1.6082680299737384
41513223318,672241,2025-01-06,1.6083081888024453
41513223318,672241,2025-01-13,1.6083166356794962
41513223318,672241,2025-01-20,1.608295845785571
41513223318,672241,2025-01-27,1.6082535578207104
41513223318,672241,2025-02-03,1.608192185534782
41513223318,672241,2025-02-10,1.6081127271233135
41513223318,672241,2025-02-17,1.6080401291277027
41513223318,672241,2025-02-24,1.607970096163973
41513223318,672241,2025-03-03,1.6078549266624782
41514786616,672241,2024-11-25,3.156192750690307
41514786616,672241,2024-12-02,3.3247757547328525
41514786616,672241,2024-12-09,3.4917911556204557
41514786616,672241,2024-12-16,3.657239153836446
41514786616,672241,2024-12-23,3.8211206326749623
41514786616,672241,2024-12-30,3.9834348587481854
41514786616,672241,2025-01-06,4.14418294095844
41514786616,672241,2025-01-13,4.303363306346664
41514786616,672241,2025-01-20,4.460974432949293
41514786616,672241,2025-01-27,4.617016207996752
41514786616,672241,2025-02-03,4.771487315732447
41514786616,672241,2025-02-10,4.924387548899364
41514786616,672241,2025-02-17,5.075716992906189
41514786616,672241,2025-02-24,5.225474929866565
41514786616,672241,2025-03-03,5.373661505571538
41515050363,672241,2024-11-25,2.999962921645435
41515050363,672241,2024-12-02,2.9998683201673453
41515050363,672241,2024-12-09,2.9998186976060666
41515050363,672241,2024-12-16,2.9998170162930147
41515050363,672241,2024-12-23,2.999776175086653
41515050363,672241,2024-12-30,2.999746161209485
41515050363,672241,2025-01-06,2.9997323698980796
41515050363,672241,2025-01-13,2.9996775264770568
41515050363,672241,2025-01-20,2.999606038746525
41515050363,672241,2025-01-27,2.9995414611503617
41515050363,672241,2025-02-03,2.9994731681099487
41515050363,672241,2025-02-10,2.9993982663775234
41515050363,672241,2025-02-17,2.9993062787206446
41515050363,672241,2025-02-24,2.9992040107181284
41515050363,672241,2025-03-03,2.999126363999614
41603545216,672241,2024-11-25,2.062311457387894
41603545216,672241,2024-12-02,2.0622808208941867
41603545216,672241,2024-12-09,2.062245329835122
41603545216,672241,2024-12-16,2.062250223096606
41603545216,672241,2024-12-23,2.062283833559404
41603545216,672241,2024-12-30,2.0623292072967545
41603545216,672241,2025-01-06,2.0623779059931615
41603545216,672241,2025-01-13,2.0624289294624543
41603545216,672241,2025-01-20,2.062489989330985
41603545216,672241,2025-01-27,2.0625285650338876
41603545216,672241,2025-02-03,2.5626024865248156
41603545216,672241,2025-02-10,2.562654154915289
41603545216,672241,2025-02-17,2.5626886843948387
41603545216,672241,2025-02-24,3.062759996209334
41603545216,672241,2025-03-03,2.5627735605822384
41604602159,672241,2024-11-25,0.8376328920521591
41604602159,672241,2024-12-02,0.8375567642301804
41604602159,672241,2024-12-09,0.8375102509504476
41604602159,672241,2024-12-16,0.8374862589461388
41604602159,672241,2024-12-23,0.8374797015490852
41604602159,672241,2024-12-30,0.8374847017672118
41604602159,672241,2025-01-06,0.837498404763801
41604602159,672241,2025-01-13,0.8375170699532485
41604602159,672241,2025-01-20,0.8375389287623319
41604602159,672241,2025-01-27,0.8375606984734179
41604602159,672241,2025-02-03,0.8375804508354697
41604602159,672241,2025-02-10,0.8375958967747449
41604602159,672241,2025-02-17,0.8376044119239524
41604602159,672241,2025-02-24,0.8376035105733253
41604602159,672241,2025-03-03,0.8375890531034199
41605550723,672241,2024-11-25,0.9620027985186126
41605550723,672241,2024-12-02,0.9871194778443004
41605550723,672241,2024-12-09,1.0119160269813199
41605550723,672241,2024-12-16,1.0363935409826386
41605550723,672241,2024-12-23,1.0605524529751094
41605550723,672241,2024-12-30,1.084393133066123
41605550723,672241,2025-01-06,1.107916331736172
41605550723,672241,2025-01-13,1.1311227531233088
41605550723,672241,2025-01-20,1.1540130528740133
41605550723,672241,2025-01-27,1.1765883130737682
41605550723,672241,2025-02-03,1.1988482863970444
41605550723,672241,2025-02-10,1.2207941954686117
41605550723,672241,2025-02-17,1.2424264184140268
41605550723,672241,2025-02-24,1.2637461882709733
41605550723,672241,2025-03-03,1.284752957188621
41662780238,672241,2024-11-25,1.3556909922831282
41662780238,672241,2024-12-02,1.355698486265791
41662780238,672241,2024-12-09,1.3557008721004464
41662780238,672241,2024-12-16,1.3557093323571705
41662780238,672241,2024-12-23,1.3557189315300224
41662780238,672241,2024-12-30,1.355723315389077
41662780238,672241,2025-01-06,1.3557283281962003
41662780238,672241,2025-01-13,1.3557373802736505
41662780238,672241,2025-01-20,1.3557342651137867
41662780238,672241,2025-01-27,1.3557407750330217
41662780238,672241,2025-02-03,2.35575069205181
41662780238,672241,2025-02-10,1.3557484741185497
41662780238,672241,2025-02-17,1.8557471260223335
41662780238,672241,2025-02-24,2.8557542238880016
41662780238,672241,2025-03-03,1.3557572436337806
41662784784,672241,2024-11-25,15.913011954391278
41662784784,672241,2024-12-02,15.912996357908648
41662784784,672241,2024-12-09,15.913196793194222
41662784784,672241,2024-12-16,15.913221578790717
41662784784,672241,2024-12-23,15.913253650773953
41662784784,672241,2024-12-30,15.913299119420161
41662784784,672241,2025-01-06,15.913306876099476
41662784784,672241,2025-01-13,15.913187599786419
41662784784,672241,2025-01-20,15.913087035624699
41662784784,672241,2025-01-27,15.912782254330814
41662784784,672241,2025-02-03,17.912392803936072
41662784784,672241,2025-02-10,16.911915692438782
41662784784,672241,2025-02-17,17.91167085436947
41662784784,672241,2025-02-24,18.411259843404217
41662784784,672241,2025-03-03,21.411227810911686
41662829751,672241,2024-11-25,4.864749416791629
41662829751,672241,2024-12-02,4.957907545655001
41662829751,672241,2024-12-09,5.0494762620027505
41662829751,672241,2024-12-16,5.139455945359382
41662829751,672241,2024-12-23,5.227860594996725
41662829751,672241,2024-12-30,5.314695590380817
41662829751,672241,2025-01-06,5.399977517127966
41662829751,672241,2025-01-13,5.483700383340496
41662829751,672241,2025-01-20,5.5658642160094605
41662829751,672241,2025-01-27,5.646463325983165
41662829751,672241,2025-02-03,5.725502286550151
41662829751,672241,2025-02-10,6.302988560865223
41662829751,672241,2025-02-17,7.378952367023469
41662829751,672241,2025-02-24,6.953331055657364
41662829751,672241,2025-03-03,8.026208187025489
41844855621,672241,2024-11-25,-0.000168746404284964
41844855621,672241,2024-12-02,-0.00023985715880847636
41844855621,672241,2024-12-09,-0.00029494807575408677
41844855621,672241,2024-12-16,-0.00035415870725793996
41844855621,672241,2024-12-23,-0.0004409422226924198
41844855621,672241,2024-12-30,-0.0005321334661181898
41844855621,672241,2025-01-06,-0.0005806772265096738
41844855621,672241,2025-01-13,-0.0005944008199532946
41844855621,672241,2025-01-20,-0.0006081020690859862
41844855621,672241,2025-01-27,-0.000622899580477343
41844855621,672241,2025-02-03,-0.0006218242619222825
41844855621,672241,2025-02-10,-0.000641976579860204
41844855621,672241,2025-02-17,-0.0006587162031758687
41844855621,672241,2025-02-24,-0.0006179321437220497
41844855621,672241,2025-03-03,-0.0006210536338622508
41844855933,672241,2024-11-25,-0.00011323171851174152
41844855933,672241,2024-12-02,-0.00018771848136922564
41844855933,672241,2024-12-09,-0.0002755485172590555
41844855933,672241,2024-12-16,-0.000339643097788056
41844855933,672241,2024-12-23,-0.0003730436211577537
41844855933,672241,2024-12-30,-0.00040106934607681
41844855933,672241,2025-01-06,-0.00043597803820313863
41844855933,672241,2025-01-13,-0.000470908347489446
41844855933,672241,2025-01-20,-0.00048364944436865565
41844855933,672241,2025-01-27,-0.0004702068580172969
41844855933,672241,2025-02-03,-0.00043108921078632845
41844855933,672241,2025-02-10,-0.0003992129227027297
41844855933,672241,2025-02-17,-0.00036756789872191553
41844855933,672241,2025-02-24,-0.00033800219625906847
41844855933,672241,2025-03-03,0.4996974508364216
41844856242,672241,2024-11-25,0.086043540021532
41844856242,672241,2024-12-02,0.08606619836437253
41844856242,672241,2024-12-09,0.08608773964404602
41844856242,672241,2024-12-16,0.0861084990394096
41844856242,672241,2024-12-23,0.08612888644789359
41844856242,672241,2024-12-30,0.08614924778999315
41844856242,672241,2025-01-06,0.08616994244497556
41844856242,672241,2025-01-13,0.08619140324673076
41844856242,672241,2025-01-20,0.08620157461240406
41844856242,672241,2025-01-27,0.08620866610530435
41844856242,672241,2025-02-03,0.08620842752658962
41844856242,672241,2025-02-10,0.08619667066844096
41844856242,672241,2025-02-17,0.08618148966069042
41844856242,672241,2025-02-24,0.0861508501330082
41844856242,672241,2025-03-03,0.0861050566380989
41859075396,672241,2024-11-25,13.251209471896921
41859075396,672241,2024-12-02,13.251081985091785
41859075396,672241,2024-12-09,13.250885664753536
41859075396,672241,2024-12-16,13.250521875545413
41859075396,672241,2024-12-23,13.250170373780431
41859075396,672241,2024-12-30,13.249892491072737
41859075396,672241,2025-01-06,13.249619215379669
41859075396,672241,2025-01-13,13.249286303000034
41859075396,672241,2025-01-20,13.248874889892333
41859075396,672241,2025-01-27,13.248399729187891
41859075396,672241,2025-02-03,13.247896410751355
41859075396,672241,2025-02-10,13.247505468189942
41859075396,672241,2025-02-17,13.247450135519832
41859075396,672241,2025-02-24,13.247733407688852
41859075396,672241,2025-03-03,13.748068960541545
41895087041,672241,2024-11-25,0.0
41895087041,672241,2024-12-02,0.0
41895087041,672241,2024-12-09,0.0
41895087041,672241,2024-12-16,0.0
41895087041,672241,2024-12-23,0.0
41895087041,672241,2024-12-30,0.0
41895087041,672241,2025-01-06,0.0
41895087041,672241,2025-01-13,0.0
41895087041,672241,2025-01-20,0.0
41895087041,672241,2025-01-27,0.0
41895087041,672241,2025-02-03,0.0
41895087041,672241,2025-02-10,0.0
41895087041,672241,2025-02-17,0.0
41895087041,672241,2025-02-24,0.0
41895087041,672241,2025-03-03,0.0
41911704936,672241,2024-11-25,0.6333715048269191
41911704936,672241,2024-12-02,0.6329536620732212
41911704936,672241,2024-12-09,0.6325695904846083
41911704936,672241,2024-12-16,0.6322160224215543
41911704936,672241,2024-12-23,0.6318936278938696
41911704936,672241,2024-12-30,0.6316155898998514
41911704936,672241,2025-01-06,0.6313710622099407
41911704936,672241,2025-01-13,0.6311578774131767
41911704936,672241,2025-01-20,0.6309922790669416
41911704936,672241,2025-01-27,0.6308699495174802
41911704936,672241,2025-02-03,0.6307862146325028
41911704936,672241,2025-02-10,0.6307463333826655
41911704936,672241,2025-02-17,0.6307485187667535
41911704936,672241,2025-02-24,0.6307976281995364
41911704936,672241,2025-03-03,0.6308951125012924
41911928478,672241,2024-11-25,1.6048377705301566
41911928478,672241,2024-12-02,1.623293502021137
41911928478,672241,2024-12-09,1.6412668590428592
41911928478,672241,2024-12-16,1.6587640946408309
41911928478,672241,2024-12-23,1.6757911681485913
41911928478,672241,2024-12-30,1.6923506500191128
41911928478,672241,2025-01-06,1.7084484702676335
41911928478,672241,2025-01-13,1.7240878203215766
41911928478,672241,2025-01-20,1.7392704682608795
41911928478,672241,2025-01-27,1.7539980355226343
41911928478,672241,2025-02-03,1.76827064300737
41911928478,672241,2025-02-10,1.7820898517924988
41911928478,672241,2025-02-17,1.795455233271336
41911928478,672241,2025-02-24,1.8083691794658359
41911928478,672241,2025-03-03,2.320848214799841
41931934851,672241,2024-11-25,0.05769103643539362
41931934851,672241,2024-12-02,0.057691029291332255
41931934851,672241,2024-12-09,0.057691023416977544
41931934851,672241,2024-12-16,0.05769102424471146
41931934851,672241,2024-12-23,0.05769101858405193
41931934851,672241,2024-12-30,0.05769102151712667
41931934851,672241,2025-01-06,0.05769103168247912
41931934851,672241,2025-01-13,0.057691040168609604
41931934851,672241,2025-01-20,0.0576910464577812
41931934851,672241,2025-01-27,0.05769106413295917
41931934851,672241,2025-02-03,0.05769107806963275
41931934851,672241,2025-02-10,0.05769110067829583
41931934851,672241,2025-02-17,0.057691119575378244
41931934851,672241,2025-02-24,0.05769114758760784
41931934851,672241,2025-03-03,0.05769116776529162
42041590570,672241,2024-11-25,0.026466358449920735
42041590570,672241,2024-12-02,0.026456810644150452
42041590570,672241,2024-12-09,0.026463156432326496
42041590570,672241,2024-12-16,0.026478211796144624
42041590570,672241,2024-12-23,0.026494264421943248
42041590570,672241,2024-12-30,0.026507125979868762
42041590570,672241,2025-01-06,0.026516672806427444
42041590570,672241,2025-01-13,0.026524851482854384
42041590570,672241,2025-01-20,0.026533302819652382
42041590570,672241,2025-01-27,0.026541588383598436
42041590570,672241,2025-02-03,0.026547185055323053
42041590570,672241,2025-02-10,0.026545127584633232
42041590570,672241,2025-02-17,0.02653155683049313
42041590570,672241,2025-02-24,0.026508935246970844
42041590570,672241,2025-03-03,0.026479031769344352
42200461570,672241,2024-11-25,0.02221184158300979
42200461570,672241,2024-12-02,0.022244867387767014
42200461570,672241,2024-12-09,0.022237705686178236
42200461570,672241,2024-12-16,0.022242592880945405
42200461570,672241,2024-12-23,0.02224339164999614
42200461570,672241,2024-12-30,0.022230280207171035
42200461570,672241,2025-01-06,0.02220646729788328
42200461570,672241,2025-01-13,0.022179962370273684
42200461570,672241,2025-01-20,0.022156662392943727
42200461570,672241,2025-01-27,0.022137913137757106
42200461570,672241,2025-02-03,0.022122080896158358
42200461570,672241,2025-02-10,0.022106381793083357
42200461570,672241,2025-02-17,0.02208901731609539
42200461570,672241,2025-02-24,0.02207190107495148
42200461570,672241,2025-03-03,0.022059115912386365
42332432433,672241,2024-11-25,0.49001990414396557
42332432433,672241,2024-12-02,0.4900969060402659
42332432433,672241,2024-12-09,0.49013326076765773
42332432433,672241,2024-12-16,0.4901506018249606
42332432433,672241,2024-12-23,0.49015674081871674
42332432433,672241,2024-12-30,0.49016459879292573
42332432433,672241,2025-01-06,0.49017649907746774
42332432433,672241,2025-01-13,0.49019480239435503
42332432433,672241,2025-01-20,0.49021881192507105
42332432433,672241,2025-01-27,0.4902470438644515
42332432433,672241,2025-02-03,0.4902783418259798
42332432433,672241,2025-02-10,0.49031185556664886
42332432433,672241,2025-02-17,0.4903471522635817
42332432433,672241,2025-02-24,0.49038397098114445
42332432433,672241,2025-03-03,0.4904304889219241
42332432797,672241,2024-11-25,0.5189588417528611
42332432797,672241,2024-12-02,0.5190739072771826
42332432797,672241,2024-12-09,0.5191554153915033
42332432797,672241,2024-12-16,0.5192108155565129
42332432797,672241,2024-12-23,0.5192442824915645
42332432797,672241,2024-12-30,0.5192591204269306
42332432797,672241,2025-01-06,0.5192615055373897
42332432797,672241,2025-01-13,0.5192535154420859
42332432797,672241,2025-01-20,0.5192372349488358
42332432797,672241,2025-01-27,0.5192161533396409
42332432797,672241,2025-02-03,0.519192562063016
42332432797,672241,2025-02-10,0.5191699853437124
42332432797,672241,2025-02-17,0.5191500906957366
42332432797,672241,2025-02-24,0.5191344857860658
42332432797,672241,2025-03-03,0.5191283786903499
42332433059,672241,2024-11-25,0.5165273587566764
42332433059,672241,2024-12-02,0.5165395860547922
42332433059,672241,2024-12-09,0.5165365819818339
42332433059,672241,2024-12-16,0.5165223712474283
42332433059,672241,2024-12-23,0.5165049397995055
42332433059,672241,2024-12-30,0.5164900886390718
42332433059,672241,2025-01-06,0.5164754160587702
42332433059,672241,2025-01-13,0.5164633777652694
42332433059,672241,2025-01-20,0.5164576875181877
42332433059,672241,2025-01-27,0.5164575331022239
42332433059,672241,2025-02-03,0.5164641661776752
42332433059,672241,2025-02-10,0.5164758339165008
42332433059,672241,2025-02-17,0.5164888270296261
42332433059,672241,2025-02-24,0.5165036184281092
42332433059,672241,2025-03-03,0.5165212851951095
42332433314,672241,2024-11-25,0.2884179807487286
42332433314,672241,2024-12-02,0.2884315192441555
42332433314,672241,2024-12-09,0.2884433319826979
42332433314,672241,2024-12-16,0.28845347751057693
42332433314,672241,2024-12-23,0.28846215654434
42332433314,672241,2024-12-30,0.2884693903384611
42332433314,672241,2025-01-06,0.28847535905909655
42332433314,672241,2025-01-13,0.2884800406919444
42332433314,672241,2025-01-20,0.28848367681631676
42332433314,672241,2025-01-27,0.2884863044147459
42332433314,672241,2025-02-03,0.28848796356956863
42332433314,672241,2025-02-10,0.28848880567461993
42332433314,672241,2025-02-17,0.28848894206269415
42332433314,672241,2025-02-24,0.28848843576283806
42332433314,672241,2025-03-03,0.28848739221822894
42332433924,672241,2024-11-25,0.23077002508729172
42332433924,672241,2024-12-02,0.23076966424378287
42332433924,672241,2024-12-09,0.23076935056660325
42332433924,672241,2024-12-16,0.23076903907295324
42332433924,672241,2024-12-23,0.23076870607203712
42332433924,672241,2024-12-30,0.23076852921990298
42332433924,672241,2025-01-06,0.23076835563405415
42332433924,672241,2025-01-13,0.23076821255675
42332433924,672241,2025-01-20,0.23076807561312213
42332433924,672241,2025-01-27,0.23076800943848425
42332433924,672241,2025-02-03,0.23076800606476122
42332433924,672241,2025-02-10,0.23076802199217714
42332433924,672241,2025-02-17,0.23076809690687725
42332433924,672241,2025-02-24,0.23076830881052626
42332433924,672241,2025-03-03,0.23076848978808553
42834137936,672241,2024-11-25,0.01667450040824936
42834137936,672241,2024-12-02,0.01657814176039185
42834137936,672241,2024-12-09,0.01644953693697193
42834137936,672241,2024-12-16,0.016349904346595
42834137936,672241,2024-12-23,0.016286104534970924
42834137936,672241,2024-12-30,0.016252577701673876
42834137936,672241,2025-01-06,0.016263189613823892
42834137936,672241,2025-01-13,0.016344800797169268
42834137936,672241,2025-01-20,0.016508216240352258
42834137936,672241,2025-01-27,0.01672901799205284
42834137936,672241,2025-02-03,0.0169542884212589
42834137936,672241,2025-02-10,0.017127858446755684
42834137936,672241,2025-02-17,0.01721556767814003
42834137936,672241,2025-02-24,0.017216716510124686
42834137936,672241,2025-03-03,0.017161388763130003
42931106661,672241,2024-11-25,0.02903780073100277
42931106661,672241,2024-12-02,0.029061742340113196
42931106661,672241,2024-12-09,0.029074170370402358
42931106661,672241,2024-12-16,0.029076485880743602
42931106661,672241,2024-12-23,0.029070058783581258
42931106661,672241,2024-12-30,0.029056173998306112
42931106661,672241,2025-01-06,0.029036069663237074
42931106661,672241,2025-01-13,0.029010911951483014
42931106661,672241,2025-01-20,0.02898176725685722
42931106661,672241,2025-01-27,0.02894965309321356
42931106661,672241,2025-02-03,0.028915488479616343
42931106661,672241,2025-02-10,0.028883648231908515
42931106661,672241,2025-02-17,0.02885139510034062
42931106661,672241,2025-02-24,0.028815890603224127
42931106661,672241,2025-03-03,0.02878129485758464
42931107278,672241,2024-11-25,0.0
42931107278,672241,2024-12-02,0.0
42931107278,672241,2024-12-09,0.0
42931107278,672241,2024-12-16,0.0
42931107278,672241,2024-12-23,0.0
42931107278,672241,2024-12-30,0.0
42931107278,672241,2025-01-06,0.0
42931107278,672241,2025-01-13,0.0
42931107278,672241,2025-01-20,0.0
42931107278,672241,2025-01-27,0.0
42931107278,672241,2025-02-03,0.0
42931107278,672241,2025-02-10,0.0
42931107278,672241,2025-02-17,0.0
42931107278,672241,2025-02-24,0.0
42931107278,672241,2025-03-03,0.0
42931107587,672241,2024-11-25,0.0
42931107587,672241,2024-12-02,0.0
42931107587,672241,2024-12-09,0.0
42931107587,672241,2024-12-16,0.0
42931107587,672241,2024-12-23,0.0
42931107587,672241,2024-12-30,0.0
42931107587,672241,2025-01-06,0.0
42931107587,672241,2025-01-13,0.0
42931107587,672241,2025-01-20,0.0
42931107587,672241,2025-01-27,0.0
42931107587,672241,2025-02-03,0.0
42931107587,672241,2025-02-10,0.0
42931107587,672241,2025-02-17,0.0
42931107587,672241,2025-02-24,0.0
42931107587,672241,2025-03-03,0.0
42931107890,672241,2024-11-25,0.0
42931107890,672241,2024-12-02,0.0
42931107890,672241,2024-12-09,0.0
42931107890,672241,2024-12-16,0.0
42931107890,672241,2024-12-23,0.0
42931107890,672241,2024-12-30,0.0
42931107890,672241,2025-01-06,0.0
42931107890,672241,2025-01-13,0.0
42931107890,672241,2025-01-20,0.0
42931107890,672241,2025-01-27,0.0
42931107890,672241,2025-02-03,0.0
42931107890,672241,2025-02-10,0.0
42931107890,672241,2025-02-17,0.0
42931107890,672241,2025-02-24,0.0
42931107890,672241,2025-03-03,0.0
42931108114,672241,2024-11-25,0.0
42931108114,672241,2024-12-02,0.0
42931108114,672241,2024-12-09,0.0
42931108114,672241,2024-12-16,0.0
42931108114,672241,2024-12-23,0.0
42931108114,672241,2024-12-30,0.0
42931108114,672241,2025-01-06,0.0
42931108114,672241,2025-01-13,0.0
42931108114,672241,2025-01-20,0.0
42931108114,672241,2025-01-27,0.0
42931108114,672241,2025-02-03,0.0
42931108114,672241,2025-02-10,0.0
42931108114,672241,2025-02-17,0.0
42931108114,672241,2025-02-24,0.0
42931108114,672241,2025-03-03,0.0
42931108441,672241,2024-11-25,0.11548012435914246
42931108441,672241,2024-12-02,0.1154417122297506
42931108441,672241,2024-12-09,0.11541183664761519
42931108441,672241,2024-12-16,0.11538696491899765
42931108441,672241,2024-12-23,0.11536663234789529
42931108441,672241,2024-12-30,0.11535043259974492
42931108441,672241,2025-01-06,0.11533804687190777
42931108441,672241,2025-01-13,0.11532915390406585
42931108441,672241,2025-01-20,0.115323501988156
42931108441,672241,2025-01-27,0.1153209013882294
42931108441,672241,2025-02-03,0.11532107311095899
42931108441,672241,2025-02-10,0.11532238834412006
42931108441,672241,2025-02-17,0.11532566520013904
42931108441,672241,2025-02-24,0.11533186562017736
42931108441,672241,2025-03-03,0.11533928831698029
42931108792,672241,2024-11-25,0.0
42931108792,672241,2024-12-02,0.0
42931108792,672241,2024-12-09,0.0
42931108792,672241,2024-12-16,0.0
42931108792,672241,2024-12-23,0.0
42931108792,672241,2024-12-30,0.0
42931108792,672241,2025-01-06,0.0
42931108792,672241,2025-01-13,0.0
42931108792,672241,2025-01-20,0.0
42931108792,672241,2025-01-27,0.0
42931108792,672241,2025-02-03,0.0
42931108792,672241,2025-02-10,0.0
42931108792,672241,2025-02-17,0.0
42931108792,672241,2025-02-24,0.0
42931108792,672241,2025-03-03,0.0
42997339136,672241,2024-11-25,0.3428344081700989
42997339136,672241,2024-12-02,0.35318913056702883
42997339136,672241,2024-12-09,0.36341685911825294
42997339136,672241,2024-12-16,0.37351677514907977
42997339136,672241,2024-12-23,0.38348839151333425
42997339136,672241,2024-12-30,0.3933307946278918
42997339136,672241,2025-01-06,0.4030441476249422
42997339136,672241,2025-01-13,0.4126286815543783
42997339136,672241,2025-01-20,0.4220834142420593
42997339136,672241,2025-01-27,0.43140885264834494
42997339136,672241,2025-02-03,0.4406045235885291
42997339136,672241,2025-02-10,0.4496710341431421
42997339136,672241,2025-02-17,0.4586092630296501
42997339136,672241,2025-02-24,0.4674184742342755
42997339136,672241,2025-03-03,0.4760988225714304
42997343957,672241,2024-11-25,-1.4669753663314189e-05
42997343957,672241,2024-12-02,-1.935917561732975e-05
42997343957,672241,2024-12-09,-3.769208399762719e-05
42997343957,672241,2024-12-16,-6.415802027879419e-05
42997343957,672241,2024-12-23,-8.777010435283283e-05
42997343957,672241,2024-12-30,-9.833915482519717e-05
42997343957,672241,2025-01-06,-8.764485256313598e-05
42997343957,672241,2025-01-13,-6.232177029356911e-05
42997343957,672241,2025-01-20,-3.59525296067531e-05
42997343957,672241,2025-01-27,-9.19167627806694e-06
42997343957,672241,2025-02-03,7.847069002933638e-06
42997343957,672241,2025-02-10,2.5816801590236582e-05
42997343957,672241,2025-02-17,3.9061143853491576e-05
42997343957,672241,2025-02-24,5.154521387654154e-05
42997343957,672241,2025-03-03,5.918424422627494e-05
42997346034,672241,2024-11-25,0.22688058807361272
42997346034,672241,2024-12-02,0.2269003310463248
42997346034,672241,2024-12-09,0.22691153759806515
42997346034,672241,2024-12-16,0.2269162929182938
42997346034,672241,2024-12-23,0.22691678666190185
42997346034,672241,2024-12-30,0.2269154144545857
42997346034,672241,2025-01-06,0.22691428217869128
42997346034,672241,2025-01-13,0.226914780617231
42997346034,672241,2025-01-20,0.2269172228487673
42997346034,672241,2025-01-27,0.2269217022519643
42997346034,672241,2025-02-03,0.22692873969680577
42997346034,672241,2025-02-10,0.2269390550502075
42997346034,672241,2025-02-17,0.22695230709048653
42997346034,672241,2025-02-24,0.22696746811901336
42997346034,672241,2025-03-03,0.226983086209419
42997350212,672241,2024-11-25,0.08653491263915292
42997350212,672241,2024-12-02,0.08653531047173489
42997350212,672241,2024-12-09,0.0865356487609828
42997350212,672241,2024-12-16,0.08653595381614242
42997350212,672241,2024-12-23,0.08653622900719542
42997350212,672241,2024-12-30,0.08653646504136901
42997350212,672241,2025-01-06,0.08653664421110109
42997350212,672241,2025-01-13,0.08653681293210781
42997350212,672241,2025-01-20,0.08653696166525492
42997350212,672241,2025-01-27,0.08653707801300799
42997350212,672241,2025-02-03,0.08653718693592262
42997350212,672241,2025-02-10,0.08653726117449011
42997350212,672241,2025-02-17,0.08653732337152573
42997350212,672241,2025-02-24,0.08653736735678016
42997350212,672241,2025-03-03,0.08653738616751801
42997353572,672241,2024-11-25,0.0
42997353572,672241,2024-12-02,0.0
42997353572,672241,2024-12-09,0.0
42997353572,672241,2024-12-16,0.0
42997353572,672241,2024-12-23,0.0
42997353572,672241,2024-12-30,0.0
42997353572,672241,2025-01-06,0.0
42997353572,672241,2025-01-13,0.0
42997353572,672241,2025-01-20,0.0
42997353572,672241,2025-01-27,0.0
42997353572,672241,2025-02-03,0.0
42997353572,672241,2025-02-10,0.0
42997353572,672241,2025-02-17,0.0
42997353572,672241,2025-02-24,0.0
42997353572,672241,2025-03-03,0.0
42997355673,672241,2024-11-25,0.08653912733692318
42997355673,672241,2024-12-02,0.08653887425393648
42997355673,672241,2024-12-09,0.08653864116846025
42997355673,672241,2024-12-16,0.08653842889796882
42997355673,672241,2024-12-23,0.08653823605220368
42997355673,672241,2024-12-30,0.08653806067931943
42997355673,672241,2025-01-06,0.08653791109644488
42997355673,672241,2025-01-13,0.08653778697952308
42997355673,672241,2025-01-20,0.08653761971467384
42997355673,672241,2025-01-27,0.08653748498450252
42997355673,672241,2025-02-03,0.08653740414273309
42997355673,672241,2025-02-10,0.08653734241059893
42997355673,672241,2025-02-17,0.08653722824450318
42997355673,672241,2025-02-24,0.08653708298355199
42997355673,672241,2025-03-03,0.08653697898014497
42997357738,672241,2024-11-25,0.047386567150997976
42997357738,672241,2024-12-02,0.05013588759915698
42997357738,672241,2024-12-09,0.05285963506099985
42997357738,672241,2024-12-16,0.055557400220901616
42997357738,672241,2024-12-23,0.05822886666356021
42997357738,672241,2024-12-30,0.0608737861239333
42997357738,672241,2025-01-06,0.06349197129609466
42997357738,672241,2025-01-13,0.06608328150057326
42997357738,672241,2025-01-20,0.06864761091786273
42997357738,672241,2025-01-27,0.07118488231412554
42997357738,672241,2025-02-03,0.07369504153725981
42997357738,672241,2025-02-10,0.07617805276079968
42997357738,672241,2025-02-17,0.07863388080312253
42997357738,672241,2025-02-24,0.08106250953764224
42997357738,672241,2025-03-03,0.08346392340033638
42997360431,672241,2024-11-25,1.0000083816005318
42997360431,672241,2024-12-02,1.0000082902695526
42997360431,672241,2024-12-09,1.0000192957007004
42997360431,672241,2024-12-16,1.0000344481025651
42997360431,672241,2024-12-23,1.0000518744082014
42997360431,672241,2024-12-30,1.0000807500642974
42997360431,672241,2025-01-06,1.0000935518200837
42997360431,672241,2025-01-13,1.0001123182864278
42997360431,672241,2025-01-20,1.0001140062587277
42997360431,672241,2025-01-27,1.000114579429128
42997360431,672241,2025-02-03,1.0000959746367233
42997360431,672241,2025-02-10,1.0000786608374121
42997360431,672241,2025-02-17,1.0000517982463881
42997360431,672241,2025-02-24,1.0000177418426337
42997360431,672241,2025-03-03,0.9999900258961607
42997361992,672241,2024-11-25,0.028852536425624558
42997361992,672241,2024-12-02,0.028851749934400695
42997361992,672241,2024-12-09,0.028850885807951317
42997361992,672241,2024-12-16,0.028850147218371057
42997361992,672241,2024-12-23,0.02884938893635796
42997361992,672241,2024-12-30,0.028848455529691563
42997361992,672241,2025-01-06,0.02884755371628455
42997361992,672241,2025-01-13,0.028846682098662188
42997361992,672241,2025-01-20,0.02884584074391982
42997361992,672241,2025-01-27,0.02884502538989096
42997361992,672241,2025-02-03,0.02884423544938823
42997361992,672241,2025-02-10,0.028843467778806833
42997361992,672241,2025-02-17,0.02884272818408721
42997361992,672241,2025-02-24,0.028842008004709693
42997361992,672241,2025-03-03,0.028841308250112687
42997363795,672241,2024-11-25,0.02883967795920804
42997363795,672241,2024-12-02,0.028840518940664993
42997363795,672241,2024-12-09,0.028841295755204957
42997363795,672241,2024-12-16,0.028842002122852428
42997363795,672241,2024-12-23,0.028842643420390605
42997363795,672241,2024-12-30,0.02884321206292759
42997363795,672241,2025-01-06,0.028843714239467858
42997363795,672241,2025-01-13,0.028844146463146886
42997363795,672241,2025-01-20,0.02884450258751025
42997363795,672241,2025-01-27,0.028844787778735816
42997363795,672241,2025-02-03,0.02884500142135721
42997363795,672241,2025-02-10,0.028845135694582393
42997363795,672241,2025-02-17,0.028845192842767722
42997363795,672241,2025-02-24,0.028845172310084082
42997363795,672241,2025-03-03,0.028845073027695546
42997366151,672241,2024-11-25,0.17310917907015771
42997366151,672241,2024-12-02,0.17310702761736077
42997366151,672241,2024-12-09,0.17310507123879282
42997366151,672241,2024-12-16,0.17310339493874782
42997366151,672241,2024-12-23,0.17310194252149588
42997366151,672241,2024-12-30,0.17310015215719407
42997366151,672241,2025-01-06,0.17309862333607187
42997366151,672241,2025-01-13,0.17309779274228743
42997366151,672241,2025-01-20,0.17309716119129134
42997366151,672241,2025-01-27,0.17309669294453417
42997366151,672241,2025-02-03,0.1730964565435293
42997366151,672241,2025-02-10,0.17309641143687235
42997366151,672241,2025-02-17,0.17309599804084766
42997366151,672241,2025-02-24,0.1730957930854361
42997366151,672241,2025-03-03,0.17309569082525655
42997370010,672241,2024-11-25,0.34615279816740824
42997370010,672241,2024-12-02,0.34615277281557705
42997370010,672241,2024-12-09,0.34615279796206283
42997370010,672241,2024-12-16,0.3461527670552005
42997370010,672241,2024-12-23,0.34615291247450836
42997370010,672241,2024-12-30,0.34615300306463453
42997370010,672241,2025-01-06,0.3461531245955824
42997370010,672241,2025-01-13,0.3461533513794002
42997370010,672241,2025-01-20,0.3461534953101861
42997370010,672241,2025-01-27,0.3461539204762307
42997370010,672241,2025-02-03,0.3461543487120927
42997370010,672241,2025-02-10,0.34615434665313627
42997370010,672241,2025-02-17,0.346154691788386
42997370010,672241,2025-02-24,0.34615501303811547
42997370010,672241,2025-03-03,0.3461550259838447
42997372184,672241,2024-11-25,0.3052006990061572
42997372184,672241,2024-12-02,0.3052000633146007
42997372184,672241,2024-12-09,0.30520343566620783
42997372184,672241,2024-12-16,0.3052098938959653
42997372184,672241,2024-12-23,0.30521837378667854
42997372184,672241,2024-12-30,0.30522806628590915
42997372184,672241,2025-01-06,0.30523636407886534
42997372184,672241,2025-01-13,0.3052448966590273
42997372184,672241,2025-01-20,0.3052578084782116
42997372184,672241,2025-01-27,0.3052732728715461
42997372184,672241,2025-02-03,0.3052887189295241
42997372184,672241,2025-02-10,0.30530273076214565
42997372184,672241,2025-02-17,0.3053179868153839
42997372184,672241,2025-02-24,0.3053345660796222
42997372184,672241,2025-03-03,0.30534866839729424
42997374577,672241,2024-11-25,0.7211904511374824
42997374577,672241,2024-12-02,0.7211789290868433
42997374577,672241,2024-12-09,0.7211679995981365
42997374577,672241,2024-12-16,0.7211591740891666
42997374577,672241,2024-12-23,0.7211504469046724
42997374577,672241,2024-12-30,0.7211425508299131
42997374577,672241,2025-01-06,0.7211360129562062
42997374577,672241,2025-01-13,0.7211303136636708
42997374577,672241,2025-01-20,0.7211257427179065
42997374577,672241,2025-01-27,0.7211218318369637
42997374577,672241,2025-02-03,0.7211193791650895
42997374577,672241,2025-02-10,0.7211171221032652
42997374577,672241,2025-02-17,0.7211166989702514
42997374577,672241,2025-02-24,0.7211161165610693
42997374577,672241,2025-03-03,0.7211181591583474
42997376375,672241,2024-11-25,0.9459318948250349
42997376375,672241,2024-12-02,0.9459931578001463
42997376375,672241,2024-12-09,0.9460347063891634
42997376375,672241,2024-12-16,0.9460633613367165
42997376375,672241,2024-12-23,0.9460819450812117
42997376375,672241,2024-12-30,0.9460951047351478
42997376375,672241,2025-01-06,0.9461042124647839
42997376375,672241,2025-01-13,0.9461166432059576
42997376375,672241,2025-01-20,0.9461349156682857
42997376375,672241,2025-01-27,0.9461557020637931
42997376375,672241,2025-02-03,0.9461813522050679
42997376375,672241,2025-02-10,0.94621203553624
42997376375,672241,2025-02-17,0.9462463674218745
42997376375,672241,2025-02-24,0.9462829480864283
42997376375,672241,2025-03-03,0.9463266554495403
42997381110,672241,2024-11-25,0.498081735430112
42997381110,672241,2024-12-02,0.49807387351893195
42997381110,672241,2024-12-09,0.49805344153947523
42997381110,672241,2024-12-16,0.498038233923398
42997381110,672241,2024-12-23,0.4980189573435949
42997381110,672241,2024-12-30,0.49800854741531436
42997381110,672241,2025-01-06,0.498010056758515
42997381110,672241,2025-01-13,0.49803184015307345
42997381110,672241,2025-01-20,0.4980693688237049
42997381110,672241,2025-01-27,0.4981134334543255
42997381110,672241,2025-02-03,0.4981623464231187
42997381110,672241,2025-02-10,0.4982177808845851
42997381110,672241,2025-02-17,0.49827541037917433
42997381110,672241,2025-02-24,0.4983261985403123
42997381110,672241,2025-03-03,0.49836542097113784
42997385022,672241,2024-11-25,0.001215795076502324
42997385022,672241,2024-12-02,0.0012674218439284735
42997385022,672241,2024-12-09,0.0012969591940988345
42997385022,672241,2024-12-16,0.0013025886532814779
42997385022,672241,2024-12-23,0.0012971843460107824
42997385022,672241,2024-12-30,0.0012908385949788048
42997385022,672241,2025-01-06,0.0012895759625742853
42997385022,672241,2025-01-13,0.0012870113171809527
42997385022,672241,2025-01-20,0.0012777135911484772
42997385022,672241,2025-01-27,0.0012682720827454919
42997385022,672241,2025-02-03,0.001256895670572522
42997385022,672241,2025-02-10,0.00124254556277692
42997385022,672241,2025-02-17,0.0012235343309608404
42997385022,672241,2025-02-24,0.0011997390549590703
42997385022,672241,2025-03-03,0.0011759065078675857
42997389826,672241,2024-11-25,4.242572472653819
42997389826,672241,2024-12-02,4.242673836807704
42997389826,672241,2024-12-09,4.242710939782207
42997389826,672241,2024-12-16,4.2427014973218915
42997389826,672241,2024-12-23,4.242681569346972
42997389826,672241,2024-12-30,4.2426700523967
42997389826,672241,2025-01-06,4.242669920140679
42997389826,672241,2025-01-13,4.242672639363428
42997389826,672241,2025-01-20,4.24267041164197
42997389826,672241,2025-01-27,4.242660775719241
42997389826,672241,2025-02-03,4.24264325502116
42997389826,672241,2025-02-10,4.242621157722824
42997389826,672241,2025-02-17,4.2425981083591
42997389826,672241,2025-02-24,4.242573529054308
42997389826,672241,2025-03-03,4.242547107809193
42997394698,672241,2024-11-25,0.4745649571095877
42997394698,672241,2024-12-02,0.47440186868418377
42997394698,672241,2024-12-09,0.4744205650348122
42997394698,672241,2024-12-16,0.4745153917748951
42997394698,672241,2024-12-23,0.4746348488400076
42997394698,672241,2024-12-30,0.4747489927796116
42997394698,672241,2025-01-06,0.4748612819680901
42997394698,672241,2025-01-13,0.474958895617944
42997394698,672241,2025-01-20,0.4750397159078238
42997394698,672241,2025-01-27,0.47510444520541717
42997394698,672241,2025-02-03,0.47514139058395977
42997394698,672241,2025-02-10,0.47515279359066553
42997394698,672241,2025-02-17,0.4751481520559474
42997394698,672241,2025-02-24,0.47511501536775924
42997394698,672241,2025-03-03,0.47505560472096253
42997397695,672241,2024-11-25,1.9314416617205903
42997397695,672241,2024-12-02,1.9314827551461766
42997397695,672241,2024-12-09,1.931551944884328
42997397695,672241,2024-12-16,1.9317064636664494
42997397695,672241,2024-12-23,1.9319321183793603
42997397695,672241,2024-12-30,1.9321551907443117
42997397695,672241,2025-01-06,1.932342577799289
42997397695,672241,2025-01-13,1.9324944207083636
42997397695,672241,2025-01-20,1.9326047548407164
42997397695,672241,2025-01-27,1.932694564962488
42997397695,672241,2025-02-03,1.9327435155614214
42997397695,672241,2025-02-10,1.9327644568153235
42997397695,672241,2025-02-17,1.9328040929804704
42997397695,672241,2025-02-24,1.9328106966511316
42997397695,672241,2025-03-03,1.9327338351661365
42997399776,672241,2024-11-25,1.6201843585931495
42997399776,672241,2024-12-02,1.620327674157386
42997399776,672241,2024-12-09,1.62042249796944
42997399776,672241,2024-12-16,1.6205239054849803
42997399776,672241,2024-12-23,1.620654021254711
42997399776,672241,2024-12-30,1.6207960285621192
42997399776,672241,2025-01-06,1.620956761802515
42997399776,672241,2025-01-13,1.6211185263499708
42997399776,672241,2025-01-20,1.621259508918126
42997399776,672241,2025-01-27,1.621385537198226
42997399776,672241,2025-02-03,1.621462645266894
42997399776,672241,2025-02-10,1.6215205087922153
42997399776,672241,2025-02-17,1.6215424310309068
42997399776,672241,2025-02-24,1.621523836240236
42997399776,672241,2025-03-03,1.621475202808234
42997403955,672241,2024-11-25,0.4485784624685749
42997403955,672241,2024-12-02,0.44864333678586676
42997403955,672241,2024-12-09,0.44865321534237496
42997403955,672241,2024-12-16,0.44862916217182053
42997403955,672241,2024-12-23,0.44858979445873687
42997403955,672241,2024-12-30,0.448546367116475
42997403955,672241,2025-01-06,0.44849850482781844
42997403955,672241,2025-01-13,0.448452693435328
42997403955,672241,2025-01-20,0.44841418369145586
42997403955,672241,2025-01-27,0.44837743138218533
42997403955,672241,2025-02-03,0.44833272136189106
42997403955,672241,2025-02-10,0.4482726113475487
42997403955,672241,2025-02-17,0.4482268237639876
42997403955,672241,2025-02-24,0.44819818479424034
42997403955,672241,2025-03-03,0.44814853850611547
42997420495,672241,2024-11-25,2.8022402392697052
42997420495,672241,2024-12-02,2.802812854222262
42997420495,672241,2024-12-09,2.8034250278408157
42997420495,672241,2024-12-16,2.8040543530523023
42997420495,672241,2024-12-23,2.8046318388757867
42997420495,672241,2024-12-30,2.8051323088205606
42997420495,672241,2025-01-06,2.8055486610312554
42997420495,672241,2025-01-13,2.805890741473889
42997420495,672241,2025-01-20,2.806201764551714
42997420495,672241,2025-01-27,2.806524975788192
42997420495,672241,2025-02-03,2.8068519897947604
42997420495,672241,2025-02-10,2.8071604140486803
42997420495,672241,2025-02-17,2.8074147134311906
42997420495,672241,2025-02-24,2.8075613212701547
42997420495,672241,2025-03-03,2.807567419094541
42997421911,672241,2024-11-25,5.391973653613173
42997421911,672241,2024-12-02,5.3920339677830915
42997421911,672241,2024-12-09,5.392123123523973
42997421911,672241,2024-12-16,5.392066060145025
42997421911,672241,2024-12-23,5.392032548897207
42997421911,672241,2024-12-30,5.391984509502063
42997421911,672241,2025-01-06,5.391915017508649
42997421911,672241,2025-01-13,5.391841885275685
42997421911,672241,2025-01-20,5.391768720578038
42997421911,672241,2025-01-27,5.391681844380279
42997421911,672241,2025-02-03,5.391579365249466
42997421911,672241,2025-02-10,5.391466707579962
42997421911,672241,2025-02-17,5.391359799869559
42997421911,672241,2025-02-24,5.391268135570598
42997421911,672241,2025-03-03,5.391224746033897
42997424093,672241,2024-11-25,1.0305971076618894
42997424093,672241,2024-12-02,1.0305983284715448
42997424093,672241,2024-12-09,1.0306259946512721
42997424093,672241,2024-12-16,1.0306722832924402
42997424093,672241,2024-12-23,1.030718189934039
42997424093,672241,2024-12-30,1.0307639179872945
42997424093,672241,2025-01-06,1.0308164282540133
42997424093,672241,2025-01-13,1.030876785459072
42997424093,672241,2025-01-20,1.0309407628512637
42997424093,672241,2025-01-27,1.0310129799887275
42997424093,672241,2025-02-03,1.0310884622113226
42997424093,672241,2025-02-10,1.0311631125874396
42997424093,672241,2025-02-17,1.0312376564886008
42997424093,672241,2025-02-24,1.0313037514247758
42997424093,672241,2025-03-03,1.031347686005248
42997426167,672241,2024-11-25,5.596573252676069
42997426167,672241,2024-12-02,5.596657925853924
42997426167,672241,2024-12-09,5.596700666554634
42997426167,672241,2024-12-16,5.596731932414857
42997426167,672241,2024-12-23,5.5967431100169875
42997426167,672241,2024-12-30,5.596734848761248
42997426167,672241,2025-01-06,5.5967214084843215
42997426167,672241,2025-01-13,5.596723663000205
42997426167,672241,2025-01-20,5.596745145477859
42997426167,672241,2025-01-27,5.596775999822565
42997426167,672241,2025-02-03,5.596806344514783
42997426167,672241,2025-02-10,5.596832695601252
42997426167,672241,2025-02-17,5.5968545904079035
42997426167,672241,2025-02-24,5.596878708034995
42997426167,672241,2025-03-03,5.596906399878641
42997428553,672241,2024-11-25,4.6265019479924865
42997428553,672241,2024-12-02,4.626428866031082
42997428553,672241,2024-12-09,4.626348728038749
42997428553,672241,2024-12-16,4.626278295204803
42997428553,672241,2024-12-23,4.626235468924116
42997428553,672241,2024-12-30,4.626223680696
42997428553,672241,2025-01-06,4.626224007214548
42997428553,672241,2025-01-13,4.626210518756338
42997428553,672241,2025-01-20,4.626190010596307
42997428553,672241,2025-01-27,4.626161920395685
42997428553,672241,2025-02-03,4.626123471036352
42997428553,672241,2025-02-10,4.6260721873459385
42997428553,672241,2025-02-17,4.626004550866896
42997428553,672241,2025-02-24,4.6259349822680775
42997428553,672241,2025-03-03,4.625867588831639
42997430687,672241,2024-11-25,6.000683905076865
42997430687,672241,2024-12-02,6.001097931876459
42997430687,672241,2024-12-09,6.001605651571644
42997430687,672241,2024-12-16,6.002162703870895
42997430687,672241,2024-12-23,6.002678770514037
42997430687,672241,2024-12-30,6.003140791134995
42997430687,672241,2025-01-06,6.003622996797052
42997430687,672241,2025-01-13,6.004142862784025
42997430687,672241,2025-01-20,6.00469520967924
42997430687,672241,2025-01-27,6.005187023733286
42997430687,672241,2025-02-03,6.00558016477807
42997430687,672241,2025-02-10,6.005770282363336
42997430687,672241,2025-02-17,6.005780042800559
42997430687,672241,2025-02-24,6.005643569594794
42997430687,672241,2025-03-03,6.005492009535357
43159436683,672241,2024-11-25,0.09562968461804085
43159436683,672241,2024-12-02,0.09631612558029036
43159436683,672241,2024-12-09,0.09696186628360583
43159436683,672241,2024-12-16,0.09756536230908337
43159436683,672241,2024-12-23,0.09802824737285622
43159436683,672241,2024-12-30,0.09846164989881809
43159436683,672241,2025-01-06,0.09897653609135489
43159436683,672241,2025-01-13,0.09947443376430463
43159436683,672241,2025-01-20,0.09995359146328728
43159436683,672241,2025-01-27,0.10041224271045998
43159436683,672241,2025-02-03,0.10084853858188306
43159436683,672241,2025-02-10,0.10116387914407088
43159436683,672241,2025-02-17,0.10146910480591535
43159436683,672241,2025-02-24,0.10187503738979094
43159436683,672241,2025-03-03,0.10218619612646448
43159436938,672241,2024-11-25,0.0
43159436938,672241,2024-12-02,0.0
43159436938,672241,2024-12-09,0.0
43159436938,672241,2024-12-16,0.0
43159436938,672241,2024-12-23,0.0
43159436938,672241,2024-12-30,0.0
43159436938,672241,2025-01-06,0.0
43159436938,672241,2025-01-13,0.0
43159436938,672241,2025-01-20,0.0
43159436938,672241,2025-01-27,0.0
43159436938,672241,2025-02-03,0.0
43159436938,672241,2025-02-10,0.0
43159436938,672241,2025-02-17,0.0
43159436938,672241,2025-02-24,0.0
43159436938,672241,2025-03-03,0.0
43292170418,672241,2024-11-25,0.05708271906093142
43292170418,672241,2024-12-02,0.057088920909049753
43292170418,672241,2024-12-09,0.05709655519620958
43292170418,672241,2024-12-16,0.05710567251092177
43292170418,672241,2024-12-23,0.05711633664506703
43292170418,672241,2024-12-30,0.057128601420816744
43292170418,672241,2025-01-06,0.05714253193416686
43292170418,672241,2025-01-13,0.0571581925332764
43292170418,672241,2025-01-20,0.05717565142297852
43292170418,672241,2025-01-27,0.05719498221202255
43292170418,672241,2025-02-03,0.05721239373429753
43292170418,672241,2025-02-10,0.05723090028776566
43292170418,672241,2025-02-17,0.0572496429551429
43292170418,672241,2025-02-24,0.05726777096203364
43292170418,672241,2025-03-03,0.05728830102320524
43292170792,672241,2024-11-25,0.05766969994835676
43292170792,672241,2024-12-02,0.05767921631316002
43292170792,672241,2024-12-09,0.05768663840024899
43292170792,672241,2024-12-16,0.05769204757512876
43292170792,672241,2024-12-23,0.057695663514263876
43292170792,672241,2024-12-30,0.057697567527684214
43292170792,672241,2025-01-06,0.05769806282974121
43292170792,672241,2025-01-13,0.05769722723531523
43292170792,672241,2025-01-20,0.057695403350939506
43292170792,672241,2025-01-27,0.057692643830725324
43292170792,672241,2025-02-03,0.057689199293091034
43292170792,672241,2025-02-10,0.05768525920744229
43292170792,672241,2025-02-17,0.05768103621785421
43292170792,672241,2025-02-24,0.0576766436390646
43292170792,672241,2025-03-03,0.057672323771628425
43292171330,672241,2024-11-25,0.0
43292171330,672241,2024-12-02,0.0
43292171330,672241,2024-12-09,0.0
43292171330,672241,2024-12-16,0.0
43292171330,672241,2024-12-23,0.0
43292171330,672241,2024-12-30,0.0
43292171330,672241,2025-01-06,0.0
43292171330,672241,2025-01-13,0.0
43292171330,672241,2025-01-20,0.0
43292171330,672241,2025-01-27,0.0
43292171330,672241,2025-02-03,0.0
43292171330,672241,2025-02-10,0.0
43292171330,672241,2025-02-17,0.0
43292171330,672241,2025-02-24,0.0
43292171330,672241,2025-03-03,0.0
43292171668,672241,2024-11-25,0.0
43292171668,672241,2024-12-02,0.0
43292171668,672241,2024-12-09,0.0
43292171668,672241,2024-12-16,0.0
43292171668,672241,2024-12-23,0.0
43292171668,672241,2024-12-30,0.0
43292171668,672241,2025-01-06,0.0
43292171668,672241,2025-01-13,0.0
43292171668,672241,2025-01-20,0.0
43292171668,672241,2025-01-27,0.0
43292171668,672241,2025-02-03,0.0
43292171668,672241,2025-02-10,0.0
43292171668,672241,2025-02-17,0.0
43292171668,672241,2025-02-24,0.0
43292171668,672241,2025-03-03,0.0
43464179063,672241,2024-11-25,0.0
43464179063,672241,2024-12-02,0.0
43464179063,672241,2024-12-09,0.0
43464179063,672241,2024-12-16,0.0
43464179063,672241,2024-12-23,0.0
43464179063,672241,2024-12-30,0.0
43464179063,672241,2025-01-06,0.0
43464179063,672241,2025-01-13,0.0
43464179063,672241,2025-01-20,0.0
43464179063,672241,2025-01-27,0.0
43464179063,672241,2025-02-03,0.0
43464179063,672241,2025-02-10,0.0
43464179063,672241,2025-02-17,0.0
43464179063,672241,2025-02-24,0.0
43464179063,672241,2025-03-03,0.0
43583432373,672241,2024-11-25,0.0
43583432373,672241,2024-12-02,0.0
43583432373,672241,2024-12-09,0.0
43583432373,672241,2024-12-16,0.0
43583432373,672241,2024-12-23,0.0
43583432373,672241,2024-12-30,0.0
43583432373,672241,2025-01-06,0.0
43583432373,672241,2025-01-13,0.0
43583432373,672241,2025-01-20,0.0
43583432373,672241,2025-01-27,0.0
43583432373,672241,2025-02-03,0.0
43583432373,672241,2025-02-10,0.0
43583432373,672241,2025-02-17,0.0
43583432373,672241,2025-02-24,0.0
43583432373,672241,2025-03-03,0.0
43675356591,672241,2024-11-25,0.05768120358195162
43675356591,672241,2024-12-02,0.05768129006339456
43675356591,672241,2024-12-09,0.057681384804680734
43675356591,672241,2024-12-16,0.057681479714513144
43675356591,672241,2024-12-23,0.05768157460061226
43675356591,672241,2024-12-30,0.05768101244957339
43675356591,672241,2025-01-06,0.057680449484756424
43675356591,672241,2025-01-13,0.05768054009149387
43675356591,672241,2025-01-20,0.05768062599259423
43675356591,672241,2025-01-27,0.05768070725132142
43675356591,672241,2025-02-03,0.05768078121111823
43675356591,672241,2025-02-10,0.05768084611806011
43675356591,672241,2025-02-17,0.05768089884842275
43675356591,672241,2025-02-24,0.05768093893473514
43675356591,672241,2025-03-03,0.057680309879491125
43675357153,672241,2024-11-25,0.0576960673868363
43675357153,672241,2024-12-02,0.05769479731125074
43675357153,672241,2024-12-09,0.0576937201391537
43675357153,672241,2024-12-16,0.05769281202135993
43675357153,672241,2024-12-23,0.05769205412369828
43675357153,672241,2024-12-30,0.057691423818277604
43675357153,672241,2025-01-06,0.05769090379155282
43675357153,672241,2025-01-13,0.057690479239385556
43675357153,672241,2025-01-20,0.05769013710716158
43675357153,672241,2025-01-27,0.05768985945007683
43675357153,672241,2025-02-03,0.05768964159340156
43675357153,672241,2025-02-10,0.05768946839826124
43675357153,672241,2025-02-17,0.05768932673134153
43675357153,672241,2025-02-24,0.05768920815144539
43675357153,672241,2025-03-03,0.05768910083292361
43675357438,672241,2024-11-25,0.0
43675357438,672241,2024-12-02,0.0
43675357438,672241,2024-12-09,0.0
43675357438,672241,2024-12-16,0.0
43675357438,672241,2024-12-23,0.0
43675357438,672241,2024-12-30,0.0
43675357438,672241,2025-01-06,0.0
43675357438,672241,2025-01-13,0.0
43675357438,672241,2025-01-20,0.0
43675357438,672241,2025-01-27,0.0
43675357438,672241,2025-02-03,0.0
43675357438,672241,2025-02-10,0.0
43675357438,672241,2025-02-17,0.0
43675357438,672241,2025-02-24,0.0
43675357438,672241,2025-03-03,0.0
43675357762,672241,2024-11-25,10.997527219278286
43675357762,672241,2024-12-02,10.996548315041135
43675357762,672241,2024-12-09,10.995841721739213
43675357762,672241,2024-12-16,10.995396617067762
43675357762,672241,2024-12-23,10.995652328358911
43675357762,672241,2024-12-30,10.99598175408427
43675357762,672241,2025-01-06,10.996393037123232
43675357762,672241,2025-01-13,10.996551481633146
43675357762,672241,2025-01-20,10.996600188479231
43675357762,672241,2025-01-27,10.996552427546646
43675357762,672241,2025-02-03,10.996107276452046
43675357762,672241,2025-02-10,10.995738443790193
43675357762,672241,2025-02-17,10.995636975553301
43675357762,672241,2025-02-24,10.99552999963968
43675357762,672241,2025-03-03,10.995077626745918
43675358311,672241,2024-11-25,0.1591707082250998
43675358311,672241,2024-12-02,0.16693058965141563
43675358311,672241,2024-12-09,0.17460649892500013
43675358311,672241,2024-12-16,0.1821978293652689
43675358311,672241,2024-12-23,0.1897043635198714
43675358311,672241,2024-12-30,0.19712555130162848
43675358311,672241,2025-01-06,0.20446144232964594
43675358311,672241,2025-01-13,0.21171154718545093
43675358311,672241,2025-01-20,0.2188757877785129
43675358311,672241,2025-01-27,0.22595421921110434
43675358311,672241,2025-02-03,0.2329468441608731
43675358311,672241,2025-02-10,0.23985327528284323
43675358311,672241,2025-02-17,0.24667372154017256
43675358311,672241,2025-02-24,0.25340803072848794
43675358311,672241,2025-03-03,0.26005619545953534
43675358612,672241,2024-11-25,1.251755400899
43675358612,672241,2024-12-02,1.29779142074615
43675358612,672241,2024-12-09,1.3434644229279844
43675358612,672241,2024-12-16,1.3887731401464753
43675358612,672241,2024-12-23,1.433716541264067
43675358612,672241,2024-12-30,1.478294286271413
43675358612,672241,2025-01-06,1.5225061364546253
43675358612,672241,2025-01-13,1.56635216962153
43675358612,672241,2025-01-20,1.609832580100299
43675358612,672241,2025-01-27,1.6529474662820023
43675358612,672241,2025-02-03,1.6956971563257865
43675358612,672241,2025-02-10,1.738081835079434
43675358612,672241,2025-02-17,1.7801015857304543
43675358612,672241,2025-02-24,1.821756640767921
43675358612,672241,2025-03-03,1.8630444363856604
43675358930,672241,2024-11-25,0.03982809788203927
43675358930,672241,2024-12-02,0.04176328332718489
43675358930,672241,2024-12-09,0.04367982293268405
43675358930,672241,2024-12-16,0.04557694999882457
43675358930,672241,2024-12-23,0.04745403241606579
43675358930,672241,2024-12-30,0.04931055259398531
43675358930,672241,2025-01-06,0.0511461360117473
43675358930,672241,2025-01-13,0.052960453906105875
43675358930,672241,2025-01-20,0.05475329719179112
43675358930,672241,2025-01-27,0.0565245149152526
43675358930,672241,2025-02-03,0.058274018815765716
43675358930,672241,2025-02-10,0.06000175277503091
43675358930,672241,2025-02-17,0.06170772269451218
43675358930,672241,2025-02-24,0.06339192952779577
43675358930,672241,2025-03-03,0.06505442433911623
43675359537,672241,2024-11-25,2.5582834574289985
43675359537,672241,2024-12-02,2.682803913091253
43675359537,672241,2024-12-09,2.8062651000172374
43675359537,672241,2024-12-16,2.9286676441601656
43675359537,672241,2024-12-23,3.0500121140186827
43675359537,672241,2024-12-30,3.17029932028799
43675359537,672241,2025-01-06,3.289529749500062
43675359537,672241,2025-01-13,3.407704163911375
43675359537,672241,2025-01-20,3.5248226543964667
43675359537,672241,2025-01-27,3.6408856137349312
43675359537,672241,2025-02-03,3.7558932758668675
43675359537,672241,2025-02-10,3.869845340193392
43675359537,672241,2025-02-17,3.982741937505459
43675359537,672241,2025-02-24,4.094583227036504
43675359537,672241,2025-03-03,4.205367841954783
43904595253,672241,2024-11-25,0.0935612127409497
43904595253,672241,2024-12-02,0.09361929118933043
43904595253,672241,2024-12-09,0.09366839118990133
43904595253,672241,2024-12-16,0.0937129634693965
43904595253,672241,2024-12-23,0.09375511510930451
43904595253,672241,2024-12-30,0.0937964045283573
43904595253,672241,2025-01-06,0.09384044458472252
43904595253,672241,2025-01-13,0.09389274932260272
43904595253,672241,2025-01-20,0.09396016240154181
43904595253,672241,2025-01-27,0.09404519051538113
43904595253,672241,2025-02-03,0.09414570789594567
43904595253,672241,2025-02-10,0.09427263591083124
43904595253,672241,2025-02-17,0.09441465665064264
43904595253,672241,2025-02-24,0.09456040794156056
43904595253,672241,2025-03-03,0.09472631027448514
43904694832,672241,2024-11-25,-6.481000866775943e-05
43904694832,672241,2024-12-02,-5.143459606637979e-05
43904694832,672241,2024-12-09,-3.5246203956895705e-05
43904694832,672241,2024-12-16,-1.9463054702573146e-05
43904694832,672241,2024-12-23,1.1500275007292338e-05
43904694832,672241,2024-12-30,6.672051017725389e-05
43904694832,672241,2025-01-06,9.042246382306995e-05
43904694832,672241,2025-01-13,2.7506946311428582e-05
43904694832,672241,2025-01-20,-8.357348651272245e-05
43904694832,672241,2025-01-27,-0.00021624357919847181
43904694832,672241,2025-02-03,-0.0003607386837457538
43904694832,672241,2025-02-10,-0.0005076497947294478
43904694832,672241,2025-02-17,-0.0006036514042130348
43904694832,672241,2025-02-24,-0.000656645726191063
43904694832,672241,2025-03-03,-0.0006838434437928531
43913912032,672241,2024-11-25,-5.26165942400722e-05
43913912032,672241,2024-12-02,1.3736234309350004e-05
43913912032,672241,2024-12-09,9.708143255541396e-05
43913912032,672241,2024-12-16,0.0001641322605001258
43913912032,672241,2024-12-23,0.0002007470694757596
43913912032,672241,2024-12-30,0.00020662179416993526
43913912032,672241,2025-01-06,0.0002171464444243945
43913912032,672241,2025-01-13,0.00024841285840185995
43913912032,672241,2025-01-20,0.00027587995818773026
43913912032,672241,2025-01-27,0.0002762212405315462
43913912032,672241,2025-02-03,0.0002563255561923994
43913912032,672241,2025-02-10,0.00021994536540646814
43913912032,672241,2025-02-17,0.00016768420084354446
43913912032,672241,2025-02-24,0.00011092153059275717
43913912032,672241,2025-03-03,6.309056063243113e-05
43965614940,672241,2024-11-25,0.02883967795920804
43965614940,672241,2024-12-02,0.028840518940664993
43965614940,672241,2024-12-09,0.028841295755204957
43965614940,672241,2024-12-16,0.028842002122852428
43965614940,672241,2024-12-23,0.028842643420390605
43965614940,672241,2024-12-30,0.02884321206292759
43965614940,672241,2025-01-06,0.028843714239467858
43965614940,672241,2025-01-13,0.028844146463146886
43965614940,672241,2025-01-20,0.02884450258751025
43965614940,672241,2025-01-27,0.028844787778735816
43965614940,672241,2025-02-03,0.02884500142135721
43965614940,672241,2025-02-10,0.028845135694582393
43965614940,672241,2025-02-17,0.028845192842767722
43965614940,672241,2025-02-24,0.028845172310084082
43965614940,672241,2025-03-03,0.028845073027695546
43987972199,672241,2024-11-25,0.06199413261641773
43987972199,672241,2024-12-02,0.06222483043212679
43987972199,672241,2024-12-09,0.06230481304226787
43987972199,672241,2024-12-16,0.06241205928497251
43987972199,672241,2024-12-23,0.06254831184473547
43987972199,672241,2024-12-30,0.06265840531694084
43987972199,672241,2025-01-06,0.06274350587302702
43987972199,672241,2025-01-13,0.06280529928791145
43987972199,672241,2025-01-20,0.06284346928475931
43987972199,672241,2025-01-27,0.06285508568336523
43987972199,672241,2025-02-03,0.06284750664407224
43987972199,672241,2025-02-10,0.06280237234704544
43987972199,672241,2025-02-17,0.06275128713113098
43987972199,672241,2025-02-24,0.06273432546679636
43987972199,672241,2025-03-03,0.06272602120149612
43990125856,672241,2024-11-25,-0.00016815880874274103
43990125856,672241,2024-12-02,-0.00020374544366655312
43990125856,672241,2024-12-09,-0.0002141379715358549
43990125856,672241,2024-12-16,-0.00020213694582410513
43990125856,672241,2024-12-23,-0.00018137453184147168
43990125856,672241,2024-12-30,-0.00017412569876520956
43990125856,672241,2025-01-06,-0.00019116836730367903
43990125856,672241,2025-01-13,-0.00021867777397552302
43990125856,672241,2025-01-20,-0.00022784183990595674
43990125856,672241,2025-01-27,-0.00021029329786381723
43990125856,672241,2025-02-03,-0.00017161861916092924
43990125856,672241,2025-02-10,-0.00011442701891911655
43990125856,672241,2025-02-17,-4.181535076575038e-05
43990125856,672241,2025-02-24,4.264331744599503e-05
43990125856,672241,2025-03-03,0.00012053784865215245
43992266349,672241,2024-11-25,0.8938564032660584
43992266349,672241,2024-12-02,0.8938235078529913
43992266349,672241,2024-12-09,0.893808909167549
43992266349,672241,2024-12-16,0.893804498876147
43992266349,672241,2024-12-23,0.8937983988127487
43992266349,672241,2024-12-30,0.8937849200810619
43992266349,672241,2025-01-06,0.8937638343604761
43992266349,672241,2025-01-13,0.8937401483928925
43992266349,672241,2025-01-20,0.8937194773431749
43992266349,672241,2025-01-27,0.8937063516538462
43992266349,672241,2025-02-03,0.893702176830058
43992266349,672241,2025-02-10,0.8937068193399331
43992266349,672241,2025-02-17,0.8937194322940599
43992266349,672241,2025-02-24,0.8937358724233778
43992266349,672241,2025-03-03,0.8937529874571152
44126860168,672241,2024-11-25,0.9999783160334768
44126860168,672241,2024-12-02,0.9999249924567787
44126860168,672241,2024-12-09,0.9998793261672128
44126860168,672241,2024-12-16,0.9998291073671531
44126860168,672241,2024-12-23,0.9997599300305545
44126860168,672241,2024-12-30,0.9996771460608321
44126860168,672241,2025-01-06,0.9996059635639707
44126860168,672241,2025-01-13,0.9995578876048201
44126860168,672241,2025-01-20,0.9995214471807351
44126860168,672241,2025-01-27,0.999483656892889
44126860168,672241,2025-02-03,0.9994462196079174
44126860168,672241,2025-02-10,0.9994251207547586
44126860168,672241,2025-02-17,0.9994283825306878
44126860168,672241,2025-02-24,0.9994496056219162
44126860168,672241,2025-03-03,0.9994782788433219
44183603616,672241,2024-11-25,0.25728514976377714
44183603616,672241,2024-12-02,0.27039222072840857
44183603616,672241,2024-12-09,0.2833936390643929
44183603616,672241,2024-12-16,0.29628930745650073
44183603616,672241,2024-12-23,0.3090793793484514
44183603616,672241,2024-12-30,0.3217641484129057
44183603616,672241,2025-01-06,0.33434396337901123
44183603616,672241,2025-01-13,0.3468191754493589
44183603616,672241,2025-01-20,0.35919003162708635
44183603616,672241,2025-01-27,0.3714568079477548
44183603616,672241,2025-02-03,0.3836195511969324
44183603616,672241,2025-02-10,0.3956783049501405
44183603616,672241,2025-02-17,0.40763289617907406
44183603616,672241,2025-02-24,0.41948314331586534
44183603616,672241,2025-03-03,0.43122880819664333
44255064283,672241,2024-11-25,0.0293378530688499
44255064283,672241,2024-12-02,0.02928061658844057
44255064283,672241,2024-12-09,0.0292707004194629
44255064283,672241,2024-12-16,0.02929932460540829
44255064283,672241,2024-12-23,0.029358174304443672
44255064283,672241,2024-12-30,0.02943947915507252
44255064283,672241,2025-01-06,0.029536153383262143
44255064283,672241,2025-01-13,0.02964183925782149
44255064283,672241,2025-01-20,0.02975093458757415
44255064283,672241,2025-01-27,0.02985862059392618
44255064283,672241,2025-02-03,0.02996084977321413
44255064283,672241,2025-02-10,0.0300543206398148
44255064283,672241,2025-02-17,0.03013644514732769
44255064283,672241,2025-02-24,0.03020528655981603
44255064283,672241,2025-03-03,0.030259521955905117
44255064557,672241,2024-11-25,0.05772442602774501
44255064557,672241,2024-12-02,0.057702790486837546
44255064557,672241,2024-12-09,0.05768566730880846
44255064557,672241,2024-12-16,0.05767253130039304
44255064557,672241,2024-12-23,0.05766286402881835
44255064557,672241,2024-12-30,0.057656168560445795
44255064557,672241,2025-01-06,0.05765196560726582
44255064557,672241,2025-01-13,0.057649772739656706
44255064557,672241,2025-01-20,0.05764918659496233
44255064557,672241,2025-01-27,0.0576497473751692
44255064557,672241,2025-02-03,0.057651077562809475
44255064557,672241,2025-02-10,0.05765426627043489
44255064557,672241,2025-02-17,0.05765817357280077
44255064557,672241,2025-02-24,0.05766165679336378
44255064557,672241,2025-03-03,0.05766591416097222
44255064844,672241,2024-11-25,0.9997518831733387
44255064844,672241,2024-12-02,0.999818808444742
44255064844,672241,2024-12-09,0.9994264346762364
44255064844,672241,2024-12-16,0.9992902508637393
44255064844,672241,2024-12-23,0.9992556529244416
44255064844,672241,2024-12-30,0.999189813411791
44255064844,672241,2025-01-06,0.9994012033715028
44255064844,672241,2025-01-13,0.9998055892288505
44255064844,672241,2025-01-20,1.0002531065829665
44255064844,672241,2025-01-27,1.0009125417739295
44255064844,672241,2025-02-03,1.0014375924372092
44255064844,672241,2025-02-10,1.0019407300335483
44255064844,672241,2025-02-17,1.0021458599749669
44255064844,672241,2025-02-24,1.0024157209061817
44255064844,672241,2025-03-03,1.0026447013448931
44255065129,672241,2024-11-25,0.0
44255065129,672241,2024-12-02,0.0
44255065129,672241,2024-12-09,0.0
44255065129,672241,2024-12-16,0.0
44255065129,672241,2024-12-23,0.0
44255065129,672241,2024-12-30,0.0
44255065129,672241,2025-01-06,0.0
44255065129,672241,2025-01-13,0.0
44255065129,672241,2025-01-20,0.0
44255065129,672241,2025-01-27,0.0
44255065129,672241,2025-02-03,0.0
44255065129,672241,2025-02-10,0.0
44255065129,672241,2025-02-17,0.0
44255065129,672241,2025-02-24,0.0
44255065129,672241,2025-03-03,0.0
44255065493,672241,2024-11-25,0.16983382934388816
44255065493,672241,2024-12-02,0.16968576540057118
44255065493,672241,2024-12-09,0.16964458561361256
44255065493,672241,2024-12-16,0.16967574990665218
44255065493,672241,2024-12-23,0.16975027666187187
44255065493,672241,2024-12-30,0.16984577182807664
44255065493,672241,2025-01-06,0.16994608951279352
44255065493,672241,2025-01-13,0.17004220899520725
44255065493,672241,2025-01-20,0.17013240240096233
44255065493,672241,2025-01-27,0.1701616636409558
44255065493,672241,2025-02-03,0.17016975820244049
44255065493,672241,2025-02-10,0.17020123668767406
44255065493,672241,2025-02-17,0.1701944754321495
44255065493,672241,2025-02-24,0.17015978948587074
44255065493,672241,2025-03-03,0.17009726031748051
44255065774,672241,2024-11-25,0.0
44255065774,672241,2024-12-02,0.0
44255065774,672241,2024-12-09,0.0
44255065774,672241,2024-12-16,0.0
44255065774,672241,2024-12-23,0.0
44255065774,672241,2024-12-30,0.0
44255065774,672241,2025-01-06,0.0
44255065774,672241,2025-01-13,0.0
44255065774,672241,2025-01-20,0.0
44255065774,672241,2025-01-27,0.0
44255065774,672241,2025-02-03,0.0
44255065774,672241,2025-02-10,0.0
44255065774,672241,2025-02-17,0.0
44255065774,672241,2025-02-24,0.0
44255065774,672241,2025-03-03,0.0
44400044666,672241,2024-11-25,1.6079561170863286
44400044666,672241,2024-12-02,1.6079533197986253
44400044666,672241,2024-12-09,1.607964563973531
44400044666,672241,2024-12-16,1.607969225559322
44400044666,672241,2024-12-23,1.6079674076834256
44400044666,672241,2024-12-30,1.6079628433216695
44400044666,672241,2025-01-06,1.607957636635262
44400044666,672241,2025-01-13,1.607952335914918
44400044666,672241,2025-01-20,1.6079449491100635
44400044666,672241,2025-01-27,1.6079341931938989
44400044666,672241,2025-02-03,1.6079198585965213
44400044666,672241,2025-02-10,1.6079081668869126
44400044666,672241,2025-02-17,1.6078948435860252
44400044666,672241,2025-02-24,1.607876882602125
44400044666,672241,2025-03-03,1.6078632018755086
44400044979,672241,2024-11-25,3.0000338129839395
44400044979,672241,2024-12-02,3.0000749677322425
44400044979,672241,2024-12-09,3.000107708297671
44400044979,672241,2024-12-16,3.000123246979091
44400044979,672241,2024-12-23,3.0001454580566875
44400044979,672241,2024-12-30,3.000196459759401
44400044979,672241,2025-01-06,3.0002584144136613
44400044979,672241,2025-01-13,3.0003126342957254
44400044979,672241,2025-01-20,3.000344239239519
44400044979,672241,2025-01-27,3.0003718282354974
44400044979,672241,2025-02-03,3.0004194209771655
44400044979,672241,2025-02-10,3.0004693771171715
44400044979,672241,2025-02-17,3.00048461653441
44400044979,672241,2025-02-24,3.0004686026624303
44400044979,672241,2025-03-03,3.0004541541707788
44400045247,672241,2024-11-25,1.999933171766107
44400045247,672241,2024-12-02,1.9999006402485069
44400045247,672241,2024-12-09,1.9998957929574421
44400045247,672241,2024-12-16,1.9998743386721909
44400045247,672241,2024-12-23,1.9998329572297346
44400045247,672241,2024-12-30,1.9997779188889229
44400045247,672241,2025-01-06,1.9997354976002337
44400045247,672241,2025-01-13,1.9996913967339016
44400045247,672241,2025-01-20,1.9996350486561165
44400045247,672241,2025-01-27,1.9995468863211403
44400045247,672241,2025-02-03,1.9994625720290051
44400045247,672241,2025-02-10,1.9994214358481048
44400045247,672241,2025-02-17,1.999400528979028
44400045247,672241,2025-02-24,1.9994168973545505
44400045247,672241,2025-03-03,1.9994174714562243
44400045545,672241,2024-11-25,1.0211104862220448
44400045545,672241,2024-12-02,1.1905221873122023
44400045545,672241,2024-12-09,1.3583306487475348
44400045545,672241,2024-12-16,1.5245357844539693
44400045545,672241,2024-12-23,1.6891378374148596
44400045545,672241,2024-12-30,1.852137059203721
44400045545,672241,2025-01-06,2.013533533675696
44400045545,672241,2025-01-13,2.173327191076904
44400045545,672241,2025-01-20,2.3315178765049627
44400045545,672241,2025-01-27,2.4881054470234547
44400045545,672241,2025-02-03,2.6430898098934352
44400045545,672241,2025-02-10,2.7964709458353325
44400045545,672241,2025-02-17,2.9482488995302907
44400045545,672241,2025-02-24,3.0984237645496666
44400045545,672241,2025-03-03,3.246995592271851
44550710390,672241,2024-11-25,0.0
44550710390,672241,2024-12-02,0.0
44550710390,672241,2024-12-09,0.0
44550710390,672241,2024-12-16,0.0
44550710390,672241,2024-12-23,0.0
44550710390,672241,2024-12-30,0.0
44550710390,672241,2025-01-06,0.0
44550710390,672241,2025-01-13,0.0
44550710390,672241,2025-01-20,0.0
44550710390,672241,2025-01-27,0.0
44550710390,672241,2025-02-03,0.0
44550710390,672241,2025-02-10,0.0
44550710390,672241,2025-02-17,0.0
44550710390,672241,2025-02-24,0.0
44550710390,672241,2025-03-03,0.0
44754799164,672241,2024-11-25,0.14423328798737864
44754799164,672241,2024-12-02,0.14423685399349195
44754799164,672241,2024-12-09,0.14423993362976503
44754799164,672241,2024-12-16,0.1442424860530628
44754799164,672241,2024-12-23,0.14424451182061412
44754799164,672241,2024-12-30,0.14424607953607166
44754799164,672241,2025-01-06,0.14424712829979136
44754799164,672241,2025-01-13,0.14424771897357672
44754799164,672241,2025-01-20,0.14424785136652696
44754799164,672241,2025-01-27,0.1442475673809687
44754799164,672241,2025-02-03,0.14424688571779784
44754799164,672241,2025-02-10,0.1442458452385571
44754799164,672241,2025-02-17,0.14424453444803134
44754799164,672241,2025-02-24,0.14424293951896527
44754799164,672241,2025-03-03,0.1442411753415213
44754802163,672241,2024-11-25,0.05885978451599407
44754802163,672241,2024-12-02,0.058431852206982986
44754802163,672241,2024-12-09,0.058080194924091146
44754802163,672241,2024-12-16,0.057796552692369024
44754802163,672241,2024-12-23,0.05757341228744625
44754802163,672241,2024-12-30,0.057403955407938016
44754802163,672241,2025-01-06,0.05728190181033081
44754802163,672241,2025-01-13,0.057201514013661525
44754802163,672241,2025-01-20,0.057157518592186124
44754802163,672241,2025-01-27,0.057144911547675765
44754802163,672241,2025-02-03,0.05715913764232195
44754802163,672241,2025-02-10,0.05719590142703403
44754802163,672241,2025-02-17,0.05725116059460402
44754802163,672241,2025-02-24,0.05732113994230499
44754802163,672241,2025-03-03,0.05740239848102662
44754804524,672241,2024-11-25,0.0
44754804524,672241,2024-12-02,0.0
44754804524,672241,2024-12-09,0.0
44754804524,672241,2024-12-16,0.0
44754804524,672241,2024-12-23,0.0
44754804524,672241,2024-12-30,0.0
44754804524,672241,2025-01-06,0.0
44754804524,672241,2025-01-13,0.0
44754804524,672241,2025-01-20,0.0
44754804524,672241,2025-01-27,0.0
44754804524,672241,2025-02-03,0.0
44754804524,672241,2025-02-10,0.0
44754804524,672241,2025-02-17,0.0
44754804524,672241,2025-02-24,0.0
44754804524,672241,2025-03-03,0.0
44754809351,672241,2024-11-25,1.4374090187930162
44754809351,672241,2024-12-02,1.6054995289727156
44754809351,672241,2024-12-09,1.7720171332153076
44754809351,672241,2024-12-16,1.9369627084946528
44754809351,672241,2024-12-23,2.1003371519229117
44754809351,672241,2024-12-30,2.2621411088515777
44754809351,672241,2025-01-06,2.422375002815915
44754809351,672241,2025-01-13,2.5810389681924817
44754809351,672241,2025-01-20,2.738132617720989
44754809351,672241,2025-01-27,2.893655615228859
44754809351,672241,2025-02-03,3.047607440109838
44754809351,672241,2025-02-10,3.1999874882362387
44754809351,672241,2025-02-17,3.3507954119598717
44754809351,672241,2025-02-24,3.5000308405956213
44754809351,672241,2025-03-03,3.6476936021912985
44754812989,672241,2024-11-25,1.8022979444062939
44754812989,672241,2024-12-02,1.8022610588157566
44754812989,672241,2024-12-09,1.8022384008485681
44754812989,672241,2024-12-16,1.802223408025526
44754812989,672241,2024-12-23,1.8022138866442854
44754812989,672241,2024-12-30,1.8022079601117889
44754812989,672241,2025-01-06,1.8022038385888226
44754812989,672241,2025-01-13,1.8022005993787709
44754812989,672241,2025-01-20,1.8021982584575733
44754812989,672241,2025-01-27,1.802197097085263
44754812989,672241,2025-02-03,1.8021975899226514
44754812989,672241,2025-02-10,1.8021998015344363
44754812989,672241,2025-02-17,1.802203215460999
44754812989,672241,2025-02-24,1.8022070306595208
44754812989,672241,2025-03-03,1.8022108987349195
44754818694,672241,2024-11-25,0.16154840647996813
44754818694,672241,2024-12-02,0.16940325809488502
44754818694,672241,2024-12-09,0.17719495174226882
44754818694,672241,2024-12-16,0.18492346096637033
44754818694,672241,2024-12-23,0.19258870998865027
44754818694,672241,2024-12-30,0.20019061320925557
44754818694,672241,2025-01-06,0.2077290856756511
44754818694,672241,2025-01-13,0.21520400800013043
44754818694,672241,2025-01-20,0.22261529834541138
44754818694,672241,2025-01-27,0.22996287426333328
44754818694,672241,2025-02-03,0.23724667232956848
44754818694,672241,2025-02-10,0.24446663874534744
44754818694,672241,2025-02-17,0.25162273434867516
44754818694,672241,2025-02-24,0.25871494795286043
44754818694,672241,2025-03-03,0.26574327691164346
44860382637,672241,2024-11-25,1.0000160643084806
44860382637,672241,2024-12-02,1.0000463809203233
44860382637,672241,2024-12-09,1.0000761617982317
44860382637,672241,2024-12-16,1.0000766733017832
44860382637,672241,2024-12-23,1.000091264997131
44860382637,672241,2024-12-30,1.0001097777586052
44860382637,672241,2025-01-06,1.0001489618976502
44860382637,672241,2025-01-13,1.0001821252114615
44860382637,672241,2025-01-20,1.0001926424644951
44860382637,672241,2025-01-27,1.000190849060321
44860382637,672241,2025-02-03,1.0001978281259583
44860382637,672241,2025-02-10,1.0002281000469704
44860382637,672241,2025-02-17,1.0002567815480126
44860382637,672241,2025-02-24,1.0002655372481937
44860382637,672241,2025-03-03,1.0002609000315146
44860382932,672241,2024-11-25,0.0
44860382932,672241,2024-12-02,0.0
44860382932,672241,2024-12-09,0.0
44860382932,672241,2024-12-16,0.0
44860382932,672241,2024-12-23,0.0
44860382932,672241,2024-12-30,0.0
44860382932,672241,2025-01-06,0.0
44860382932,672241,2025-01-13,0.0
44860382932,672241,2025-01-20,0.0
44860382932,672241,2025-01-27,0.0
44860382932,672241,2025-02-03,0.0
44860382932,672241,2025-02-10,0.0
44860382932,672241,2025-02-17,0.0
44860382932,672241,2025-02-24,0.0
44860382932,672241,2025-03-03,0.0
44860383567,672241,2024-11-25,0.23076180437149624
44860383567,672241,2024-12-02,0.2402691207677022
44860383567,672241,2024-12-09,0.24969929715694297
44860383567,672241,2024-12-16,0.259052081699511
44860383567,672241,2024-12-23,0.2683272482294876
44860383567,672241,2024-12-30,0.2775246378013946
44860383567,672241,2025-01-06,0.28664408179339756
44860383567,672241,2025-01-13,0.29568545416006203
44860383567,672241,2025-01-20,0.3046486436851309
44860383567,672241,2025-01-27,0.3135335864935148
44860383567,672241,2025-02-03,0.32234017810356597
44860383567,672241,2025-02-10,0.33106835697055215
44860383567,672241,2025-02-17,0.3397180524174457
44860383567,672241,2025-02-24,0.3482891760310668
44860383567,672241,2025-03-03,0.3567816555224893
44860384161,672241,2024-11-25,0.0
44860384161,672241,2024-12-02,0.0
44860384161,672241,2024-12-09,0.0
44860384161,672241,2024-12-16,0.0
44860384161,672241,2024-12-23,0.0
44860384161,672241,2024-12-30,0.0
44860384161,672241,2025-01-06,0.0
44860384161,672241,2025-01-13,0.0
44860384161,672241,2025-01-20,0.0
44860384161,672241,2025-01-27,0.0
44860384161,672241,2025-02-03,0.0
44860384161,672241,2025-02-10,0.0
44860384161,672241,2025-02-17,0.0
44860384161,672241,2025-02-24,0.0
44860384161,672241,2025-03-03,0.0
44860384494,672241,2024-11-25,8.946702501633453
44860384494,672241,2024-12-02,9.721391761563966
44860384494,672241,2024-12-09,10.488756648012812
44860384494,672241,2024-12-16,11.248802257557253
44860384494,672241,2024-12-23,12.001527754078385
44860384494,672241,2024-12-30,12.746931759974279
44860384494,672241,2025-01-06,13.485013118309734
44860384494,672241,2025-01-13,14.215772952920837
44860384494,672241,2025-01-20,14.939212461185079
44860384494,672241,2025-01-27,15.6553324570917
44860384494,672241,2025-02-03,16.364134578379964
44860384494,672241,2025-02-10,17.065620301184488
44860384494,672241,2025-02-17,17.759789058089904
44860384494,672241,2025-02-24,18.446641929184715
44860384494,672241,2025-03-03,19.126178551943873
44860384733,672241,2024-11-25,0.5649160706727209
44860384733,672241,2024-12-02,0.6039573412620746
44860384733,672241,2024-12-09,0.6426371750042894
44860384733,672241,2024-12-16,0.6809548961417123
44860384733,672241,2024-12-23,0.7189101350638362
44860384733,672241,2024-12-30,0.7565027700663992
44860384733,672241,2025-01-06,0.793732744481861
44860384733,672241,2025-01-13,0.8306000517575687
44860384733,672241,2025-01-20,0.8671047006163132
44860384733,672241,2025-01-27,0.9032467091671297
44860384733,672241,2025-02-03,0.9390260695802526
44860384733,672241,2025-02-10,0.9744428112508238
44860384733,672241,2025-02-17,1.0094969489150978
44860384733,672241,2025-02-24,1.0441885064069614
44860384733,672241,2025-03-03,1.0785174881602233
44860385094,672241,2024-11-25,0.05764281136583558
44860385094,672241,2024-12-02,0.057648689126980804
44860385094,672241,2024-12-09,0.05765413898105954
44860385094,672241,2024-12-16,0.05765912886031716
44860385094,672241,2024-12-23,0.05766363455967748
44860385094,672241,2024-12-30,0.05766765884527232
44860385094,672241,2025-01-06,0.057671185807574216
44860385094,672241,2025-01-13,0.05767422061637839
44860385094,672241,2025-01-20,0.05767676463858602
44860385094,672241,2025-01-27,0.05767883958436531
44860385094,672241,2025-02-03,0.057680453535399204
44860385094,672241,2025-02-10,0.05768162962211447
44860385094,672241,2025-02-17,0.057682381352899895
44860385094,672241,2025-02-24,0.057682729717593806
44860385094,672241,2025-03-03,0.057682697757766535
44860385362,672241,2024-11-25,0.0
44860385362,672241,2024-12-02,0.0
44860385362,672241,2024-12-09,0.0
44860385362,672241,2024-12-16,0.0
44860385362,672241,2024-12-23,0.0
44860385362,672241,2024-12-30,0.0
44860385362,672241,2025-01-06,0.0
44860385362,672241,2025-01-13,0.0
44860385362,672241,2025-01-20,0.0
44860385362,672241,2025-01-27,0.0
44860385362,672241,2025-02-03,0.0
44860385362,672241,2025-02-10,0.0
44860385362,672241,2025-02-17,0.0
44860385362,672241,2025-02-24,0.0
44860385362,672241,2025-03-03,0.0
44860385651,672241,2024-11-25,0.028849716707152025
44860385651,672241,2024-12-02,0.028848994218192935
44860385651,672241,2024-12-09,0.028848344675591928
44860385651,672241,2024-12-16,0.028847765639694916
44860385651,672241,2024-12-23,0.0288472519759995
44860385651,672241,2024-12-30,0.028846803722837513
44860385651,672241,2025-01-06,0.028846412788485258
44860385651,672241,2025-01-13,0.02884607896030959
44860385651,672241,2025-01-20,0.028845797224903328
44860385651,672241,2025-01-27,0.02884556657781003
44860385651,672241,2025-02-03,0.028845376029222068
44860385651,672241,2025-02-10,0.028845231342352125
44860385651,672241,2025-02-17,0.02884511895044741
44860385651,672241,2025-02-24,0.028845043256369222
44860385651,672241,2025-03-03,0.028844996449548844
44860385918,672241,2024-11-25,0.0
44860385918,672241,2024-12-02,0.0
44860385918,672241,2024-12-09,0.0
44860385918,672241,2024-12-16,0.0
44860385918,672241,2024-12-23,0.0
44860385918,672241,2024-12-30,0.0
44860385918,672241,2025-01-06,0.0
44860385918,672241,2025-01-13,0.0
44860385918,672241,2025-01-20,0.0
44860385918,672241,2025-01-27,0.0
44860385918,672241,2025-02-03,0.0
44860385918,672241,2025-02-10,0.0
44860385918,672241,2025-02-17,0.0
44860385918,672241,2025-02-24,0.0
44860385918,672241,2025-03-03,0.0
44942965112,672241,2024-11-25,1.521005721317461
44942965112,672241,2024-12-02,1.6888069288743306
44942965112,672241,2024-12-09,1.855046750173649
44942965112,672241,2024-12-16,2.0197237506038963
44942965112,672241,2024-12-23,2.182837215307001
44942965112,672241,2024-12-30,2.344386898776312
44942965112,672241,2025-01-06,2.50437277718043
44942965112,672241,2025-01-13,2.6627949853922788
44942965112,672241,2025-01-20,2.8196535605799737
44942965112,672241,2025-01-27,2.9749485328185874
44942965112,672241,2025-02-03,3.128679926886154
44942965112,672241,2025-02-10,3.280847586047778
44942965112,672241,2025-02-17,3.4314515083757127
44942965112,672241,2025-02-24,3.5804915736941996
44942965112,672241,2025-03-03,3.7279677887060476
45132580164,672241,2024-11-25,1.7686448791258937
45132580164,672241,2024-12-02,1.9619170169239446
45132580164,672241,2024-12-09,2.1533893740171224
45132580164,672241,2024-12-16,2.3430646338212564
45132580164,672241,2024-12-23,2.5309437454832393
45132580164,672241,2024-12-30,2.7170268512423026
45132580164,672241,2025-01-06,2.9013136910180126
45132580164,672241,2025-01-13,3.0838039895430236
45132580164,672241,2025-01-20,3.2644976159885255
45132580164,672241,2025-01-27,3.44339424023107
45132580164,672241,2025-02-03,3.620494055115929
45132580164,672241,2025-02-10,3.7957968307212204
45132580164,672241,2025-02-17,3.9693025516617797
45132580164,672241,2025-02-24,4.1410113588051125
45132580164,672241,2025-03-03,4.310923222484489
45132656942,672241,2024-11-25,0.40164062546257634
45132656942,672241,2024-12-02,0.420339692041734
45132656942,672241,2024-12-09,0.4388849087561802
45132656942,672241,2024-12-16,0.4572761562599814
45132656942,672241,2024-12-23,0.4755133983196022
45132656942,672241,2024-12-30,0.49359688203122054
45132656942,672241,2025-01-06,0.5115269869100929
45132656942,672241,2025-01-13,0.5293040043618391
45132656942,672241,2025-01-20,0.5469283865035778
45132656942,672241,2025-01-27,0.5644005662489076
45132656942,672241,2025-02-03,0.5817208582425667
45132656942,672241,2025-02-10,0.5988895345481366
45132656942,672241,2025-02-17,0.6159068974604812
45132656942,672241,2025-02-24,0.6327731391131022
45132656942,672241,2025-03-03,0.6494883912269641
45290923710,672241,2024-11-25,0.6041481608821003
45290923710,672241,2024-12-02,0.6041735925529808
45290923710,672241,2024-12-09,0.6041983848153805
45290923710,672241,2024-12-16,0.6042225287453519
45290923710,672241,2024-12-23,0.604245844847914
45290923710,672241,2024-12-30,0.6042684001568777
45290923710,672241,2025-01-06,0.6042901939678912
45290923710,672241,2025-01-13,0.6043110243308584
45290923710,672241,2025-01-20,0.60433052299202
45290923710,672241,2025-01-27,0.6043481246120819
45290923710,672241,2025-02-03,0.6043632047857692
45290923710,672241,2025-02-10,0.6043751741012349
45290923710,672241,2025-02-17,0.6043837203703915
45290923710,672241,2025-02-24,0.6043887573704732
45290923710,672241,2025-03-03,0.6043905287031454
45386498618,672241,2024-11-25,0.14206175147178873
45386498618,672241,2024-12-02,0.15033755877127697
45386498618,672241,2024-12-09,0.1585293154483499
45386498618,672241,2024-12-16,0.16663734435849703
45386498618,672241,2024-12-23,0.1746619978968782
45386498618,672241,2024-12-30,0.18260341015824222
45386498618,672241,2025-01-06,0.1904618161903415
45386498618,672241,2025-01-13,0.19823745746447122
45386498618,672241,2025-01-20,0.2059304516907316
45386498618,672241,2025-01-27,0.21354099618613345
45386498618,672241,2025-02-03,0.22106918771777373
45386498618,672241,2025-02-10,0.22851518056755316
45386498618,672241,2025-02-17,0.2358790785323279
45386498618,672241,2025-02-24,0.24316095690494033
45386498618,672241,2025-03-03,0.2503609453060034
45386576968,672241,2024-11-25,0.09469832534048427
45386576968,672241,2024-12-02,0.10020908869352506
45386576968,672241,2024-12-09,0.10566515925161026
45386576968,672241,2024-12-16,0.11106646549947072
45386576968,672241,2024-12-23,0.11641306296324369
45386576968,672241,2024-12-30,0.12170504034179008
45386576968,672241,2025-01-06,0.12694236112698384
45386576968,672241,2025-01-13,0.13212508305685863
45386576968,672241,2025-01-20,0.13725316738382085
45386576968,672241,2025-01-27,0.14232666998132204
45386576968,672241,2025-02-03,0.14734555594544424
45386576968,672241,2025-02-10,0.1523098597598618
45386576968,672241,2025-02-17,0.1572196231522565
45386576968,672241,2025-02-24,0.1620747165886462
45386576968,672241,2025-03-03,0.1668752373002458
45386581155,672241,2024-11-25,0.047386567150997976
45386581155,672241,2024-12-02,0.05013588759915698
45386581155,672241,2024-12-09,0.05285963506099985
45386581155,672241,2024-12-16,0.055557400220901616
45386581155,672241,2024-12-23,0.05822886666356021
45386581155,672241,2024-12-30,0.0608737861239333
45386581155,672241,2025-01-06,0.06349197129609466
45386581155,672241,2025-01-13,0.06608328150057326
45386581155,672241,2025-01-20,0.06864761091786273
45386581155,672241,2025-01-27,0.07118488231412554
45386581155,672241,2025-02-03,0.07369504153725981
45386581155,672241,2025-02-10,0.07617805276079968
45386581155,672241,2025-02-17,0.07863388080312253
45386581155,672241,2025-02-24,0.08106250953764224
45386581155,672241,2025-03-03,0.08346392340033638
45386584131,672241,2024-11-25,0.0
45386584131,672241,2024-12-02,0.0
45386584131,672241,2024-12-09,0.0
45386584131,672241,2024-12-16,0.0
45386584131,672241,2024-12-23,0.0
45386584131,672241,2024-12-30,0.0
45386584131,672241,2025-01-06,0.0
45386584131,672241,2025-01-13,0.0
45386584131,672241,2025-01-20,0.0
45386584131,672241,2025-01-27,0.0
45386584131,672241,2025-02-03,0.0
45386584131,672241,2025-02-10,0.0
45386584131,672241,2025-02-17,0.0
45386584131,672241,2025-02-24,0.0
45386584131,672241,2025-03-03,0.0
45386591373,672241,2024-11-25,0.0
45386591373,672241,2024-12-02,0.0
45386591373,672241,2024-12-09,0.0
45386591373,672241,2024-12-16,0.0
45386591373,672241,2024-12-23,0.0
45386591373,672241,2024-12-30,0.0
45386591373,672241,2025-01-06,0.0
45386591373,672241,2025-01-13,0.0
45386591373,672241,2025-01-20,0.0
45386591373,672241,2025-01-27,0.0
45386591373,672241,2025-02-03,0.0
45386591373,672241,2025-02-10,0.0
45386591373,672241,2025-02-17,0.0
45386591373,672241,2025-02-24,0.0
45386591373,672241,2025-03-03,0.0
45386601898,672241,2024-11-25,0.0
45386601898,672241,2024-12-02,0.0
45386601898,672241,2024-12-09,0.0
45386601898,672241,2024-12-16,0.0
45386601898,672241,2024-12-23,0.0
45386601898,672241,2024-12-30,0.0
45386601898,672241,2025-01-06,0.0
45386601898,672241,2025-01-13,0.0
45386601898,672241,2025-01-20,0.0
45386601898,672241,2025-01-27,0.0
45386601898,672241,2025-02-03,0.0
45386601898,672241,2025-02-10,0.0
45386601898,672241,2025-02-17,0.0
45386601898,672241,2025-02-24,0.0
45386601898,672241,2025-03-03,0.0
45386603948,672241,2024-11-25,0.0
45386603948,672241,2024-12-02,0.0
45386603948,672241,2024-12-09,0.0
45386603948,672241,2024-12-16,0.0
45386603948,672241,2024-12-23,0.0
45386603948,672241,2024-12-30,0.0
45386603948,672241,2025-01-06,0.0
45386603948,672241,2025-01-13,0.0
45386603948,672241,2025-01-20,0.0
45386603948,672241,2025-01-27,0.0
45386603948,672241,2025-02-03,0.0
45386603948,672241,2025-02-10,0.0
45386603948,672241,2025-02-17,0.0
45386603948,672241,2025-02-24,0.0
45386603948,672241,2025-03-03,0.0
45431124522,672241,2024-11-25,0.0
45431124522,672241,2024-12-02,0.0
45431124522,672241,2024-12-09,0.0
45431124522,672241,2024-12-16,0.0
45431124522,672241,2024-12-23,0.0
45431124522,672241,2024-12-30,0.0
45431124522,672241,2025-01-06,0.0
45431124522,672241,2025-01-13,0.0
45431124522,672241,2025-01-20,0.0
45431124522,672241,2025-01-27,0.0
45431124522,672241,2025-02-03,0.0
45431124522,672241,2025-02-10,0.0
45431124522,672241,2025-02-17,0.0
45431124522,672241,2025-02-24,0.0
45431124522,672241,2025-03-03,0.0
45459383935,672241,2024-11-25,0.0
45459383935,672241,2024-12-02,0.0
45459383935,672241,2024-12-09,0.0
45459383935,672241,2024-12-16,0.0
45459383935,672241,2024-12-23,0.0
45459383935,672241,2024-12-30,0.0
45459383935,672241,2025-01-06,0.0
45459383935,672241,2025-01-13,0.0
45459383935,672241,2025-01-20,0.0
45459383935,672241,2025-01-27,0.0
45459383935,672241,2025-02-03,0.0
45459383935,672241,2025-02-10,0.0
45459383935,672241,2025-02-17,0.0
45459383935,672241,2025-02-24,0.0
45459383935,672241,2025-03-03,0.0
45995668920,672241,2024-11-25,12.932374264479842
45995668920,672241,2024-12-02,14.774183042342024
45995668920,672241,2024-12-09,16.598834831765437
45995668920,672241,2024-12-16,18.406350846217606
45995668920,672241,2024-12-23,20.196781994107017
45995668920,672241,2024-12-30,21.970104763333044
45995668920,672241,2025-01-06,23.726332799994324
45995668920,672241,2025-01-13,25.465457738456674
45995668920,672241,2025-01-20,27.187520806948246
45995668920,672241,2025-01-27,28.892498928543134
45995668920,672241,2025-02-03,30.580398130185323
45995668920,672241,2025-02-10,32.25118523985279
45995668920,672241,2025-02-17,33.9049054249939
45995668920,672241,2025-02-24,35.54153414405584
45995668920,672241,2025-03-03,37.16106539027911
46142524974,672241,2024-11-25,0.0
46142524974,672241,2024-12-02,0.0
46142524974,672241,2024-12-09,0.0
46142524974,672241,2024-12-16,0.0
46142524974,672241,2024-12-23,0.0
46142524974,672241,2024-12-30,0.0
46142524974,672241,2025-01-06,0.0
46142524974,672241,2025-01-13,0.0
46142524974,672241,2025-01-20,0.0
46142524974,672241,2025-01-27,0.0
46142524974,672241,2025-02-03,0.0
46142524974,672241,2025-02-10,0.0
46142524974,672241,2025-02-17,0.0
46142524974,672241,2025-02-24,0.0
46142524974,672241,2025-03-03,0.0
46303774477,672241,2024-11-25,0.0
46303774477,672241,2024-12-02,0.0
46303774477,672241,2024-12-09,0.0
46303774477,672241,2024-12-16,0.0
46303774477,672241,2024-12-23,0.0
46303774477,672241,2024-12-30,0.0
46303774477,672241,2025-01-06,0.0
46303774477,672241,2025-01-13,0.0
46303774477,672241,2025-01-20,0.0
46303774477,672241,2025-01-27,0.0
46303774477,672241,2025-02-03,0.0
46303774477,672241,2025-02-10,0.0
46303774477,672241,2025-02-17,0.0
46303774477,672241,2025-02-24,0.0
46303774477,672241,2025-03-03,0.0
46303862950,672241,2024-11-25,0.0
46303862950,672241,2024-12-02,0.0
46303862950,672241,2024-12-09,0.0
46303862950,672241,2024-12-16,0.0
46303862950,672241,2024-12-23,0.0
46303862950,672241,2024-12-30,0.0
46303862950,672241,2025-01-06,0.0
46303862950,672241,2025-01-13,0.0
46303862950,672241,2025-01-20,0.0
46303862950,672241,2025-01-27,0.0
46303862950,672241,2025-02-03,0.0
46303862950,672241,2025-02-10,0.0
46303862950,672241,2025-02-17,0.0
46303862950,672241,2025-02-24,0.0
46303862950,672241,2025-03-03,0.0
46303877432,672241,2024-11-25,0.0
46303877432,672241,2024-12-02,0.0
46303877432,672241,2024-12-09,0.0
46303877432,672241,2024-12-16,0.0
46303877432,672241,2024-12-23,0.0
46303877432,672241,2024-12-30,0.0
46303877432,672241,2025-01-06,0.0
46303877432,672241,2025-01-13,0.0
46303877432,672241,2025-01-20,0.0
46303877432,672241,2025-01-27,0.0
46303877432,672241,2025-02-03,0.0
46303877432,672241,2025-02-10,0.0
46303877432,672241,2025-02-17,0.0
46303877432,672241,2025-02-24,0.0
46303877432,672241,2025-03-03,0.0
46303948414,672241,2024-11-25,0.0
46303948414,672241,2024-12-02,0.0
46303948414,672241,2024-12-09,0.0
46303948414,672241,2024-12-16,0.0
46303948414,672241,2024-12-23,0.0
46303948414,672241,2024-12-30,0.0
46303948414,672241,2025-01-06,0.0
46303948414,672241,2025-01-13,0.0
46303948414,672241,2025-01-20,0.0
46303948414,672241,2025-01-27,0.0
46303948414,672241,2025-02-03,0.0
46303948414,672241,2025-02-10,0.0
46303948414,672241,2025-02-17,0.0
46303948414,672241,2025-02-24,0.0
46303948414,672241,2025-03-03,0.0
46308044959,672241,2024-11-25,0.0
46308044959,672241,2024-12-02,0.0
46308044959,672241,2024-12-09,0.0
46308044959,672241,2024-12-16,0.0
46308044959,672241,2024-12-23,0.0
46308044959,672241,2024-12-30,0.0
46308044959,672241,2025-01-06,0.0
46308044959,672241,2025-01-13,0.0
46308044959,672241,2025-01-20,0.0
46308044959,672241,2025-01-27,0.0
46308044959,672241,2025-02-03,0.0
46308044959,672241,2025-02-10,0.0
46308044959,672241,2025-02-17,0.0
46308044959,672241,2025-02-24,0.0
46308044959,672241,2025-03-03,0.0
46310250952,672241,2024-11-25,0.0
46310250952,672241,2024-12-02,0.0
46310250952,672241,2024-12-09,0.0
46310250952,672241,2024-12-16,0.0
46310250952,672241,2024-12-23,0.0
46310250952,672241,2024-12-30,0.0
46310250952,672241,2025-01-06,0.0
46310250952,672241,2025-01-13,0.0
46310250952,672241,2025-01-20,0.0
46310250952,672241,2025-01-27,0.0
46310250952,672241,2025-02-03,0.0
46310250952,672241,2025-02-10,0.0
46310250952,672241,2025-02-17,0.0
46310250952,672241,2025-02-24,0.0
46310250952,672241,2025-03-03,0.0
46310280482,672241,2024-11-25,0.0
46310280482,672241,2024-12-02,0.0
46310280482,672241,2024-12-09,0.0
46310280482,672241,2024-12-16,0.0
46310280482,672241,2024-12-23,0.0
46310280482,672241,2024-12-30,0.0
46310280482,672241,2025-01-06,0.0
46310280482,672241,2025-01-13,0.0
46310280482,672241,2025-01-20,0.0
46310280482,672241,2025-01-27,0.0
46310280482,672241,2025-02-03,0.0
46310280482,672241,2025-02-10,0.0
46310280482,672241,2025-02-17,0.0
46310280482,672241,2025-02-24,0.0
46310280482,672241,2025-03-03,0.0
46310291987,672241,2024-11-25,0.0
46310291987,672241,2024-12-02,0.0
46310291987,672241,2024-12-09,0.0
46310291987,672241,2024-12-16,0.0
46310291987,672241,2024-12-23,0.0
46310291987,672241,2024-12-30,0.0
46310291987,672241,2025-01-06,0.0
46310291987,672241,2025-01-13,0.0
46310291987,672241,2025-01-20,0.0
46310291987,672241,2025-01-27,0.0
46310291987,672241,2025-02-03,0.0
46310291987,672241,2025-02-10,0.0
46310291987,672241,2025-02-17,0.0
46310291987,672241,2025-02-24,0.0
46310291987,672241,2025-03-03,0.0
46310334441,672241,2024-11-25,0.0
46310334441,672241,2024-12-02,0.0
46310334441,672241,2024-12-09,0.0
46310334441,672241,2024-12-16,0.0
46310334441,672241,2024-12-23,0.0
46310334441,672241,2024-12-30,0.0
46310334441,672241,2025-01-06,0.0
46310334441,672241,2025-01-13,0.0
46310334441,672241,2025-01-20,0.0
46310334441,672241,2025-01-27,0.0
46310334441,672241,2025-02-03,0.0
46310334441,672241,2025-02-10,0.0
46310334441,672241,2025-02-17,0.0
46310334441,672241,2025-02-24,0.0
46310334441,672241,2025-03-03,0.0
46365131910,672241,2024-11-25,0.0
46365131910,672241,2024-12-02,0.0
46365131910,672241,2024-12-09,0.0
46365131910,672241,2024-12-16,0.0
46365131910,672241,2024-12-23,0.0
46365131910,672241,2024-12-30,0.0
46365131910,672241,2025-01-06,0.0
46365131910,672241,2025-01-13,0.0
46365131910,672241,2025-01-20,0.0
46365131910,672241,2025-01-27,0.0
46365131910,672241,2025-02-03,0.0
46365131910,672241,2025-02-10,0.0
46365131910,672241,2025-02-17,0.0
46365131910,672241,2025-02-24,0.0
46365131910,672241,2025-03-03,0.0
46381587960,672241,2024-11-25,0.0
46381587960,672241,2024-12-02,0.0
46381587960,672241,2024-12-09,0.0
46381587960,672241,2024-12-16,0.0
46381587960,672241,2024-12-23,0.0
46381587960,672241,2024-12-30,0.0
46381587960,672241,2025-01-06,0.0
46381587960,672241,2025-01-13,0.0
46381587960,672241,2025-01-20,0.0
46381587960,672241,2025-01-27,0.0
46381587960,672241,2025-02-03,0.0
46381587960,672241,2025-02-10,0.0
46381587960,672241,2025-02-17,0.0
46381587960,672241,2025-02-24,0.0
46381587960,672241,2025-03-03,0.0
46381594945,672241,2024-11-25,0.0
46381594945,672241,2024-12-02,0.0
46381594945,672241,2024-12-09,0.0
46381594945,672241,2024-12-16,0.0
46381594945,672241,2024-12-23,0.0
46381594945,672241,2024-12-30,0.0
46381594945,672241,2025-01-06,0.0
46381594945,672241,2025-01-13,0.0
46381594945,672241,2025-01-20,0.0
46381594945,672241,2025-01-27,0.0
46381594945,672241,2025-02-03,0.0
46381594945,672241,2025-02-10,0.0
46381594945,672241,2025-02-17,0.0
46381594945,672241,2025-02-24,0.0
46381594945,672241,2025-03-03,0.0
46381604933,672241,2024-11-25,0.0
46381604933,672241,2024-12-02,0.0
46381604933,672241,2024-12-09,0.0
46381604933,672241,2024-12-16,0.0
46381604933,672241,2024-12-23,0.0
46381604933,672241,2024-12-30,0.0
46381604933,672241,2025-01-06,0.0
46381604933,672241,2025-01-13,0.0
46381604933,672241,2025-01-20,0.0
46381604933,672241,2025-01-27,0.0
46381604933,672241,2025-02-03,0.0
46381604933,672241,2025-02-10,0.0
46381604933,672241,2025-02-17,0.0
46381604933,672241,2025-02-24,0.0
46381604933,672241,2025-03-03,0.0
46381618435,672241,2024-11-25,0.0
46381618435,672241,2024-12-02,0.0
46381618435,672241,2024-12-09,0.0
46381618435,672241,2024-12-16,0.0
46381618435,672241,2024-12-23,0.0
46381618435,672241,2024-12-30,0.0
46381618435,672241,2025-01-06,0.0
46381618435,672241,2025-01-13,0.0
46381618435,672241,2025-01-20,0.0
46381618435,672241,2025-01-27,0.0
46381618435,672241,2025-02-03,0.0
46381618435,672241,2025-02-10,0.0
46381618435,672241,2025-02-17,0.0
46381618435,672241,2025-02-24,0.0
46381618435,672241,2025-03-03,0.0
46694935963,672241,2024-11-25,0.0
46694935963,672241,2024-12-02,0.0
46694935963,672241,2024-12-09,0.0
46694935963,672241,2024-12-16,0.0
46694935963,672241,2024-12-23,0.0
46694935963,672241,2024-12-30,0.0
46694935963,672241,2025-01-06,0.0
46694935963,672241,2025-01-13,0.0
46694935963,672241,2025-01-20,0.0
46694935963,672241,2025-01-27,0.0
46694935963,672241,2025-02-03,0.0
46694935963,672241,2025-02-10,0.0
46694935963,672241,2025-02-17,0.0
46694935963,672241,2025-02-24,0.0
46694935963,672241,2025-03-03,0.0
46873197417,672241,2024-11-25,0.0
46873197417,672241,2024-12-02,0.0
46873197417,672241,2024-12-09,0.0
46873197417,672241,2024-12-16,0.0
46873197417,672241,2024-12-23,0.0
46873197417,672241,2024-12-30,0.0
46873197417,672241,2025-01-06,0.0
46873197417,672241,2025-01-13,0.0
46873197417,672241,2025-01-20,0.0
46873197417,672241,2025-01-27,0.0
46873197417,672241,2025-02-03,0.0
46873197417,672241,2025-02-10,0.0
46873197417,672241,2025-02-17,0.0
46873197417,672241,2025-02-24,0.0
46873197417,672241,2025-03-03,0.0
46874506460,672241,2024-11-25,0.0
46874506460,672241,2024-12-02,0.0
46874506460,672241,2024-12-09,0.0
46874506460,672241,2024-12-16,0.0
46874506460,672241,2024-12-23,0.0
46874506460,672241,2024-12-30,0.0
46874506460,672241,2025-01-06,0.0
46874506460,672241,2025-01-13,0.0
46874506460,672241,2025-01-20,0.0
46874506460,672241,2025-01-27,0.0
46874506460,672241,2025-02-03,0.0
46874506460,672241,2025-02-10,0.0
46874506460,672241,2025-02-17,0.0
46874506460,672241,2025-02-24,0.0
46874506460,672241,2025-03-03,0.0
46874597940,672241,2024-11-25,0.0
46874597940,672241,2024-12-02,0.0
46874597940,672241,2024-12-09,0.0
46874597940,672241,2024-12-16,0.0
46874597940,672241,2024-12-23,0.0
46874597940,672241,2024-12-30,0.0
46874597940,672241,2025-01-06,0.0
46874597940,672241,2025-01-13,0.0
46874597940,672241,2025-01-20,0.0
46874597940,672241,2025-01-27,0.0
46874597940,672241,2025-02-03,0.0
46874597940,672241,2025-02-10,0.0
46874597940,672241,2025-02-17,0.0
46874597940,672241,2025-02-24,0.0
46874597940,672241,2025-03-03,0.0
47035595969,672241,2024-11-25,0.0
47035595969,672241,2024-12-02,0.0
47035595969,672241,2024-12-09,0.0
47035595969,672241,2024-12-16,0.0
47035595969,672241,2024-12-23,0.0
47035595969,672241,2024-12-30,0.0
47035595969,672241,2025-01-06,0.0
47035595969,672241,2025-01-13,0.0
47035595969,672241,2025-01-20,0.0
47035595969,672241,2025-01-27,0.0
47035595969,672241,2025-02-03,0.0
47035595969,672241,2025-02-10,0.0
47035595969,672241,2025-02-17,0.0
47035595969,672241,2025-02-24,0.0
47035595969,672241,2025-03-03,0.0
47035596434,672241,2024-11-25,0.0
47035596434,672241,2024-12-02,0.0
47035596434,672241,2024-12-09,0.0
47035596434,672241,2024-12-16,0.0
47035596434,672241,2024-12-23,0.0
47035596434,672241,2024-12-30,0.0
47035596434,672241,2025-01-06,0.0
47035596434,672241,2025-01-13,0.0
47035596434,672241,2025-01-20,0.0
47035596434,672241,2025-01-27,0.0
47035596434,672241,2025-02-03,0.0
47035596434,672241,2025-02-10,0.0
47035596434,672241,2025-02-17,0.0
47035596434,672241,2025-02-24,0.0
47035596434,672241,2025-03-03,0.0
47035596938,672241,2024-11-25,0.0
47035596938,672241,2024-12-02,0.0
47035596938,672241,2024-12-09,0.0
47035596938,672241,2024-12-16,0.0
47035596938,672241,2024-12-23,0.0
47035596938,672241,2024-12-30,0.0
47035596938,672241,2025-01-06,0.0
47035596938,672241,2025-01-13,0.0
47035596938,672241,2025-01-20,0.0
47035596938,672241,2025-01-27,0.0
47035596938,672241,2025-02-03,0.0
47035596938,672241,2025-02-10,0.0
47035596938,672241,2025-02-17,0.0
47035596938,672241,2025-02-24,0.0
47035596938,672241,2025-03-03,0.0
47035597416,672241,2024-11-25,0.0
47035597416,672241,2024-12-02,0.0
47035597416,672241,2024-12-09,0.0
47035597416,672241,2024-12-16,0.0
47035597416,672241,2024-12-23,0.0
47035597416,672241,2024-12-30,0.0
47035597416,672241,2025-01-06,0.0
47035597416,672241,2025-01-13,0.0
47035597416,672241,2025-01-20,0.0
47035597416,672241,2025-01-27,0.0
47035597416,672241,2025-02-03,0.0
47035597416,672241,2025-02-10,0.0
47035597416,672241,2025-02-17,0.0
47035597416,672241,2025-02-24,0.0
47035597416,672241,2025-03-03,0.0
47035597915,672241,2024-11-25,0.0
47035597915,672241,2024-12-02,0.0
47035597915,672241,2024-12-09,0.0
47035597915,672241,2024-12-16,0.0
47035597915,672241,2024-12-23,0.0
47035597915,672241,2024-12-30,0.0
47035597915,672241,2025-01-06,0.0
47035597915,672241,2025-01-13,0.0
47035597915,672241,2025-01-20,0.0
47035597915,672241,2025-01-27,0.0
47035597915,672241,2025-02-03,0.0
47035597915,672241,2025-02-10,0.0
47035597915,672241,2025-02-17,0.0
47035597915,672241,2025-02-24,0.0
47035597915,672241,2025-03-03,0.0
47035598475,672241,2024-11-25,0.0
47035598475,672241,2024-12-02,0.0
47035598475,672241,2024-12-09,0.0
47035598475,672241,2024-12-16,0.0
47035598475,672241,2024-12-23,0.0
47035598475,672241,2024-12-30,0.0
47035598475,672241,2025-01-06,0.0
47035598475,672241,2025-01-13,0.0
47035598475,672241,2025-01-20,0.0
47035598475,672241,2025-01-27,0.0
47035598475,672241,2025-02-03,0.0
47035598475,672241,2025-02-10,0.0
47035598475,672241,2025-02-17,0.0
47035598475,672241,2025-02-24,0.0
47035598475,672241,2025-03-03,0.0
47035598960,672241,2024-11-25,0.0
47035598960,672241,2024-12-02,0.0
47035598960,672241,2024-12-09,0.0
47035598960,672241,2024-12-16,0.0
47035598960,672241,2024-12-23,0.0
47035598960,672241,2024-12-30,0.0
47035598960,672241,2025-01-06,0.0
47035598960,672241,2025-01-13,0.0
47035598960,672241,2025-01-20,0.0
47035598960,672241,2025-01-27,0.0
47035598960,672241,2025-02-03,0.0
47035598960,672241,2025-02-10,0.0
47035598960,672241,2025-02-17,0.0
47035598960,672241,2025-02-24,0.0
47035598960,672241,2025-03-03,0.0
47035599495,672241,2024-11-25,0.0
47035599495,672241,2024-12-02,0.0
47035599495,672241,2024-12-09,0.0
47035599495,672241,2024-12-16,0.0
47035599495,672241,2024-12-23,0.0
47035599495,672241,2024-12-30,0.0
47035599495,672241,2025-01-06,0.0
47035599495,672241,2025-01-13,0.0
47035599495,672241,2025-01-20,0.0
47035599495,672241,2025-01-27,0.0
47035599495,672241,2025-02-03,0.0
47035599495,672241,2025-02-10,0.0
47035599495,672241,2025-02-17,0.0
47035599495,672241,2025-02-24,0.0
47035599495,672241,2025-03-03,0.0
47035599949,672241,2024-11-25,0.0
47035599949,672241,2024-12-02,0.0
47035599949,672241,2024-12-09,0.0
47035599949,672241,2024-12-16,0.0
47035599949,672241,2024-12-23,0.0
47035599949,672241,2024-12-30,0.0
47035599949,672241,2025-01-06,0.0
47035599949,672241,2025-01-13,0.0
47035599949,672241,2025-01-20,0.0
47035599949,672241,2025-01-27,0.0
47035599949,672241,2025-02-03,0.0
47035599949,672241,2025-02-10,0.0
47035599949,672241,2025-02-17,0.0
47035599949,672241,2025-02-24,0.0
47035599949,672241,2025-03-03,0.0
47035600918,672241,2024-11-25,0.0
47035600918,672241,2024-12-02,0.0
47035600918,672241,2024-12-09,0.0
47035600918,672241,2024-12-16,0.0
47035600918,672241,2024-12-23,0.0
47035600918,672241,2024-12-30,0.0
47035600918,672241,2025-01-06,0.0
47035600918,672241,2025-01-13,0.0
47035600918,672241,2025-01-20,0.0
47035600918,672241,2025-01-27,0.0
47035600918,672241,2025-02-03,0.0
47035600918,672241,2025-02-10,0.0
47035600918,672241,2025-02-17,0.0
47035600918,672241,2025-02-24,0.0
47035600918,672241,2025-03-03,0.0
47035601421,672241,2024-11-25,0.0
47035601421,672241,2024-12-02,0.0
47035601421,672241,2024-12-09,0.0
47035601421,672241,2024-12-16,0.0
47035601421,672241,2024-12-23,0.0
47035601421,672241,2024-12-30,0.0
47035601421,672241,2025-01-06,0.0
47035601421,672241,2025-01-13,0.0
47035601421,672241,2025-01-20,0.0
47035601421,672241,2025-01-27,0.0
47035601421,672241,2025-02-03,0.0
47035601421,672241,2025-02-10,0.0
47035601421,672241,2025-02-17,0.0
47035601421,672241,2025-02-24,0.0
47035601421,672241,2025-03-03,0.0
47035601997,672241,2024-11-25,0.0
47035601997,672241,2024-12-02,0.0
47035601997,672241,2024-12-09,0.0
47035601997,672241,2024-12-16,0.0
47035601997,672241,2024-12-23,0.0
47035601997,672241,2024-12-30,0.0
47035601997,672241,2025-01-06,0.0
47035601997,672241,2025-01-13,0.0
47035601997,672241,2025-01-20,0.0
47035601997,672241,2025-01-27,0.0
47035601997,672241,2025-02-03,0.0
47035601997,672241,2025-02-10,0.0
47035601997,672241,2025-02-17,0.0
47035601997,672241,2025-02-24,0.0
47035601997,672241,2025-03-03,0.0
47059508492,672241,2024-11-25,0.0
47059508492,672241,2024-12-02,0.0
47059508492,672241,2024-12-09,0.0
47059508492,672241,2024-12-16,0.0
47059508492,672241,2024-12-23,0.0
47059508492,672241,2024-12-30,0.0
47059508492,672241,2025-01-06,0.0
47059508492,672241,2025-01-13,0.0
47059508492,672241,2025-01-20,0.0
47059508492,672241,2025-01-27,0.0
47059508492,672241,2025-02-03,0.0
47059508492,672241,2025-02-10,0.0
47059508492,672241,2025-02-17,0.0
47059508492,672241,2025-02-24,0.0
47059508492,672241,2025-03-03,0.0
47278389944,672241,2024-11-25,0.0
47278389944,672241,2024-12-02,0.0
47278389944,672241,2024-12-09,0.0
47278389944,672241,2024-12-16,0.0
47278389944,672241,2024-12-23,0.0
47278389944,672241,2024-12-30,0.0
47278389944,672241,2025-01-06,0.0
47278389944,672241,2025-01-13,0.0
47278389944,672241,2025-01-20,0.0
47278389944,672241,2025-01-27,0.0
47278389944,672241,2025-02-03,0.0
47278389944,672241,2025-02-10,0.0
47278389944,672241,2025-02-17,0.0
47278389944,672241,2025-02-24,0.0
47278389944,672241,2025-03-03,0.0
47556470434,672241,2024-11-25,0.0
47556470434,672241,2024-12-02,0.0
47556470434,672241,2024-12-09,0.0
47556470434,672241,2024-12-16,0.0
47556470434,672241,2024-12-23,0.0
47556470434,672241,2024-12-30,0.0
47556470434,672241,2025-01-06,0.0
47556470434,672241,2025-01-13,0.0
47556470434,672241,2025-01-20,0.0
47556470434,672241,2025-01-27,0.0
47556470434,672241,2025-02-03,0.0
47556470434,672241,2025-02-10,0.0
47556470434,672241,2025-02-17,0.0
47556470434,672241,2025-02-24,0.0
47556470434,672241,2025-03-03,0.0
47787653976,672241,2024-11-25,0.0
47787653976,672241,2024-12-02,0.0
47787653976,672241,2024-12-09,0.0
47787653976,672241,2024-12-16,0.0
47787653976,672241,2024-12-23,0.0
47787653976,672241,2024-12-30,0.0
47787653976,672241,2025-01-06,0.0
47787653976,672241,2025-01-13,0.0
47787653976,672241,2025-01-20,0.0
47787653976,672241,2025-01-27,0.0
47787653976,672241,2025-02-03,0.0
47787653976,672241,2025-02-10,0.0
47787653976,672241,2025-02-17,0.0
47787653976,672241,2025-02-24,0.0
47787653976,672241,2025-03-03,0.0
47906467455,672241,2024-11-25,0.0
47906467455,672241,2024-12-02,0.0
47906467455,672241,2024-12-09,0.0
47906467455,672241,2024-12-16,0.0
47906467455,672241,2024-12-23,0.0
47906467455,672241,2024-12-30,0.0
47906467455,672241,2025-01-06,0.0
47906467455,672241,2025-01-13,0.0
47906467455,672241,2025-01-20,0.0
47906467455,672241,2025-01-27,0.0
47906467455,672241,2025-02-03,0.0
47906467455,672241,2025-02-10,0.0
47906467455,672241,2025-02-17,0.0
47906467455,672241,2025-02-24,0.0
47906467455,672241,2025-03-03,0.0
48441796938,672241,2024-11-25,0.0
48441796938,672241,2024-12-02,0.0
48441796938,672241,2024-12-09,0.0
48441796938,672241,2024-12-16,0.0
48441796938,672241,2024-12-23,0.0
48441796938,672241,2024-12-30,0.0
48441796938,672241,2025-01-06,0.0
48441796938,672241,2025-01-13,0.0
48441796938,672241,2025-01-20,0.0
48441796938,672241,2025-01-27,0.0
48441796938,672241,2025-02-03,0.0
48441796938,672241,2025-02-10,0.0
48441796938,672241,2025-02-17,0.0
48441796938,672241,2025-02-24,0.0
48441796938,672241,2025-03-03,0.0
48443531970,672241,2024-11-25,0.0
48443531970,672241,2024-12-02,0.0
48443531970,672241,2024-12-09,0.0
48443531970,672241,2024-12-16,0.0
48443531970,672241,2024-12-23,0.0
48443531970,672241,2024-12-30,0.0
48443531970,672241,2025-01-06,0.0
48443531970,672241,2025-01-13,0.0
48443531970,672241,2025-01-20,0.0
48443531970,672241,2025-01-27,0.0
48443531970,672241,2025-02-03,0.0
48443531970,672241,2025-02-10,0.0
48443531970,672241,2025-02-17,0.0
48443531970,672241,2025-02-24,0.0
48443531970,672241,2025-03-03,0.0
48444196993,672241,2024-11-25,0.0
48444196993,672241,2024-12-02,0.0
48444196993,672241,2024-12-09,0.0
48444196993,672241,2024-12-16,0.0
48444196993,672241,2024-12-23,0.0
48444196993,672241,2024-12-30,0.0
48444196993,672241,2025-01-06,0.0
48444196993,672241,2025-01-13,0.0
48444196993,672241,2025-01-20,0.0
48444196993,672241,2025-01-27,0.0
48444196993,672241,2025-02-03,0.0
48444196993,672241,2025-02-10,0.0
48444196993,672241,2025-02-17,0.0
48444196993,672241,2025-02-24,0.0
48444196993,672241,2025-03-03,0.0
48444406916,672241,2024-11-25,0.0
48444406916,672241,2024-12-02,0.0
48444406916,672241,2024-12-09,0.0
48444406916,672241,2024-12-16,0.0
48444406916,672241,2024-12-23,0.0
48444406916,672241,2024-12-30,0.0
48444406916,672241,2025-01-06,0.0
48444406916,672241,2025-01-13,0.0
48444406916,672241,2025-01-20,0.0
48444406916,672241,2025-01-27,0.0
48444406916,672241,2025-02-03,0.0
48444406916,672241,2025-02-10,0.0
48444406916,672241,2025-02-17,0.0
48444406916,672241,2025-02-24,0.0
48444406916,672241,2025-03-03,0.0
48465290456,672241,2024-11-25,0.0
48465290456,672241,2024-12-02,0.0
48465290456,672241,2024-12-09,0.0
48465290456,672241,2024-12-16,0.0
48465290456,672241,2024-12-23,0.0
48465290456,672241,2024-12-30,0.0
48465290456,672241,2025-01-06,0.0
48465290456,672241,2025-01-13,0.0
48465290456,672241,2025-01-20,0.0
48465290456,672241,2025-01-27,0.0
48465290456,672241,2025-02-03,0.0
48465290456,672241,2025-02-10,0.0
48465290456,672241,2025-02-17,0.0
48465290456,672241,2025-02-24,0.0
48465290456,672241,2025-03-03,0.0
48468456999,672241,2024-11-25,0.0
48468456999,672241,2024-12-02,0.0
48468456999,672241,2024-12-09,0.0
48468456999,672241,2024-12-16,0.0
48468456999,672241,2024-12-23,0.0
48468456999,672241,2024-12-30,0.0
48468456999,672241,2025-01-06,0.0
48468456999,672241,2025-01-13,0.0
48468456999,672241,2025-01-20,0.0
48468456999,672241,2025-01-27,0.0
48468456999,672241,2025-02-03,0.0
48468456999,672241,2025-02-10,0.0
48468456999,672241,2025-02-17,0.0
48468456999,672241,2025-02-24,0.0
48468456999,672241,2025-03-03,0.0
48468483975,672241,2024-11-25,0.0
48468483975,672241,2024-12-02,0.0
48468483975,672241,2024-12-09,0.0
48468483975,672241,2024-12-16,0.0
48468483975,672241,2024-12-23,0.0
48468483975,672241,2024-12-30,0.0
48468483975,672241,2025-01-06,0.0
48468483975,672241,2025-01-13,0.0
48468483975,672241,2025-01-20,0.0
48468483975,672241,2025-01-27,0.0
48468483975,672241,2025-02-03,0.0
48468483975,672241,2025-02-10,0.0
48468483975,672241,2025-02-17,0.0
48468483975,672241,2025-02-24,0.0
48468483975,672241,2025-03-03,0.0
48468720437,672241,2024-11-25,0.0
48468720437,672241,2024-12-02,0.0
48468720437,672241,2024-12-09,0.0
48468720437,672241,2024-12-16,0.0
48468720437,672241,2024-12-23,0.0
48468720437,672241,2024-12-30,0.0
48468720437,672241,2025-01-06,0.0
48468720437,672241,2025-01-13,0.0
48468720437,672241,2025-01-20,0.0
48468720437,672241,2025-01-27,0.0
48468720437,672241,2025-02-03,0.0
48468720437,672241,2025-02-10,0.0
48468720437,672241,2025-02-17,0.0
48468720437,672241,2025-02-24,0.0
48468720437,672241,2025-03-03,0.0
48609636473,672241,2024-11-25,0.0
48609636473,672241,2024-12-02,0.0
48609636473,672241,2024-12-09,0.0
48609636473,672241,2024-12-16,0.0
48609636473,672241,2024-12-23,0.0
48609636473,672241,2024-12-30,0.0
48609636473,672241,2025-01-06,0.0
48609636473,672241,2025-01-13,0.0
48609636473,672241,2025-01-20,0.0
48609636473,672241,2025-01-27,0.0
48609636473,672241,2025-02-03,0.0
48609636473,672241,2025-02-10,0.0
48609636473,672241,2025-02-17,0.0
48609636473,672241,2025-02-24,0.0
48609636473,672241,2025-03-03,0.0
48609745445,672241,2024-11-25,0.0
48609745445,672241,2024-12-02,0.0
48609745445,672241,2024-12-09,0.0
48609745445,672241,2024-12-16,0.0
48609745445,672241,2024-12-23,0.0
48609745445,672241,2024-12-30,0.0
48609745445,672241,2025-01-06,0.0
48609745445,672241,2025-01-13,0.0
48609745445,672241,2025-01-20,0.0
48609745445,672241,2025-01-27,0.0
48609745445,672241,2025-02-03,0.0
48609745445,672241,2025-02-10,0.0
48609745445,672241,2025-02-17,0.0
48609745445,672241,2025-02-24,0.0
48609745445,672241,2025-03-03,0.0
48609798496,672241,2024-11-25,0.0
48609798496,672241,2024-12-02,0.0
48609798496,672241,2024-12-09,0.0
48609798496,672241,2024-12-16,0.0
48609798496,672241,2024-12-23,0.0
48609798496,672241,2024-12-30,0.0
48609798496,672241,2025-01-06,0.0
48609798496,672241,2025-01-13,0.0
48609798496,672241,2025-01-20,0.0
48609798496,672241,2025-01-27,0.0
48609798496,672241,2025-02-03,0.0
48609798496,672241,2025-02-10,0.0
48609798496,672241,2025-02-17,0.0
48609798496,672241,2025-02-24,0.0
48609798496,672241,2025-03-03,0.0
48609967412,672241,2024-11-25,0.0
48609967412,672241,2024-12-02,0.0
48609967412,672241,2024-12-09,0.0
48609967412,672241,2024-12-16,0.0
48609967412,672241,2024-12-23,0.0
48609967412,672241,2024-12-30,0.0
48609967412,672241,2025-01-06,0.0
48609967412,672241,2025-01-13,0.0
48609967412,672241,2025-01-20,0.0
48609967412,672241,2025-01-27,0.0
48609967412,672241,2025-02-03,0.0
48609967412,672241,2025-02-10,0.0
48609967412,672241,2025-02-17,0.0
48609967412,672241,2025-02-24,0.0
48609967412,672241,2025-03-03,0.0
48609984414,672241,2024-11-25,0.0
48609984414,672241,2024-12-02,0.0
48609984414,672241,2024-12-09,0.0
48609984414,672241,2024-12-16,0.0
48609984414,672241,2024-12-23,0.0
48609984414,672241,2024-12-30,0.0
48609984414,672241,2025-01-06,0.0
48609984414,672241,2025-01-13,0.0
48609984414,672241,2025-01-20,0.0
48609984414,672241,2025-01-27,0.0
48609984414,672241,2025-02-03,0.0
48609984414,672241,2025-02-10,0.0
48609984414,672241,2025-02-17,0.0
48609984414,672241,2025-02-24,0.0
48609984414,672241,2025-03-03,0.0
48788920432,672241,2024-11-25,0.0
48788920432,672241,2024-12-02,0.0
48788920432,672241,2024-12-09,0.0
48788920432,672241,2024-12-16,0.0
48788920432,672241,2024-12-23,0.0
48788920432,672241,2024-12-30,0.0
48788920432,672241,2025-01-06,0.0
48788920432,672241,2025-01-13,0.0
48788920432,672241,2025-01-20,0.0
48788920432,672241,2025-01-27,0.0
48788920432,672241,2025-02-03,0.0
48788920432,672241,2025-02-10,0.0
48788920432,672241,2025-02-17,0.0
48788920432,672241,2025-02-24,0.0
48788920432,672241,2025-03-03,0.0
48789681494,672241,2024-11-25,0.0
48789681494,672241,2024-12-02,0.0
48789681494,672241,2024-12-09,0.0
48789681494,672241,2024-12-16,0.0
48789681494,672241,2024-12-23,0.0
48789681494,672241,2024-12-30,0.0
48789681494,672241,2025-01-06,0.0
48789681494,672241,2025-01-13,0.0
48789681494,672241,2025-01-20,0.0
48789681494,672241,2025-01-27,0.0
48789681494,672241,2025-02-03,0.0
48789681494,672241,2025-02-10,0.0
48789681494,672241,2025-02-17,0.0
48789681494,672241,2025-02-24,0.0
48789681494,672241,2025-03-03,0.0
48789690935,672241,2024-11-25,0.0
48789690935,672241,2024-12-02,0.0
48789690935,672241,2024-12-09,0.0
48789690935,672241,2024-12-16,0.0
48789690935,672241,2024-12-23,0.0
48789690935,672241,2024-12-30,0.0
48789690935,672241,2025-01-06,0.0
48789690935,672241,2025-01-13,0.0
48789690935,672241,2025-01-20,0.0
48789690935,672241,2025-01-27,0.0
48789690935,672241,2025-02-03,0.0
48789690935,672241,2025-02-10,0.0
48789690935,672241,2025-02-17,0.0
48789690935,672241,2025-02-24,0.0
48789690935,672241,2025-03-03,0.0
